name,year,director,tmdb_id,imdb_id,filename,overview,tagline
3 10 To Yuma,1957,Delmer Daves,14168,tt0050086,3-10-To-Yuma(1957){tmdb-14168}.mp4,"Dan Evans, a small time farmer, is hired to escort Ben Wade, a dangerous outlaw, to Yuma. As Evans and Wade wait for the 3:10 train to Yuma, Wade's gang is racing to free him.",The lonesome whistle of a train... bringing the gallows closer to a desperado... the showdown nearer to his captor!
7 Men From Now,1956,Budd Boetticher,26502,tt0049743,7-Men-From-Now(1956){tmdb-26502}.mp4,A former sheriff relentlessly pursuing the 7 men who murdered his wife in Arizona crosses paths with a couple heading to California.,
A Bullet Is Waiting,1954,John Farrow,44867,tt0046812,A-Bullet-Is-Waiting(1954){tmdb-44867}.mp4,"A plane carrying a sheriff and a man indicted for manslaughter is wrecked on a lonely California beach and the prisoner manages to escape, after a struggle, only to be taken in hand by the female manager of a remote sheep ranch.",...and after the kiss...
A Fistful Of Dollars,1964,Sergio Leone,391,tt0058461,A-Fistful-Of-Dollars(1964){tmdb-391}.mkv,"The Man With No Name enters the Mexican village of San Miguel in the midst of a power struggle among the three Rojo brothers and sheriff John Baxter. When a regiment of Mexican soldiers bearing gold intended to pay for new weapons is waylaid by the Rojo brothers, the stranger inserts himself into the middle of the long-simmering battle, selling false information to both sides for his own benefit.","In his own way he is, perhaps, the most dangerous man who ever lived!"
A Million Ways to Die in the West,2014,Seth MacFarlane,188161,tt2557490,A-Million-Ways-to-Die-in-the-West(2014){tmdb-188161}.mp4,"As a cowardly farmer begins to fall for the mysterious new woman in town, he must put his new-found courage to the test when her husband, a notorious gun-slinger, announces his arrival.",Bring protection.
An Eastern Westerner,1920,Hal Roach,40575,tt0011144,An-Eastern-Westerner(1920){tmdb-40575}.mp4,"A young man in New York has exasperated his father because of his constant carousing and irresponsibility, so his father sends him to his uncle's ranch in the west. The young man arrives in the town of Piute Pass, which is being terrorized by Tiger Lip Tompkins and his gang, the Masked Angels. The Easterner befriends a young woman whose father is being held captive by Tompkins, and he decides to help her.",A riot of rollicking fun!
Annie Get Your Gun,1950,George Sidney,25209,tt0042200,Annie-Get-Your-Gun(1950){tmdb-25209}.mp4,Gunslinger Annie Oakley romances fellow sharpshooter Frank Butler as they travel with Buffalo Bill's Wild West Show.,Biggest musical under the sun!
Annie Oakley,1935,George Stevens,43887,tt0026073,Annie-Oakley(1935){tmdb-43887}.mp4,Awkward Annie loves her sharpshooting rival in Buffalo Bill's Wild West Show.,"Meet Col. Cody, Sitting Bull, and all the two-gun heroes of the plains, in the big show that astonished two continents ... a livid background for the flaming love of Annie Oakley!"
Appaloosa,2008,Ed Harris,12690,tt0800308,Appaloosa(2008){tmdb-12690}.mp4,Two friends hired to police a small town that is suffering under the rule of a rancher find their job complicated by the arrival of a young widow.,Feelings get you killed.
Australia,2008,Baz Luhrmann,6972,tt0455824,Australia(2008){tmdb-6972}.mp4,"Set in northern Australia before World War II, an English aristocrat who inherits a sprawling ranch reluctantly pacts with a stock-man in order to protect her new property from a takeover plot. As the pair drive 2,000 head of cattle over unforgiving landscape, they experience the bombing of Darwin by Japanese forces firsthand.",Welcome to Australia!
Back To The Future Part III,1990,Robert Zemeckis,196,tt0099088,Back-To-The-Future-Part-III(1990){tmdb-196}.mkv,"The final installment finds Marty digging the trusty DeLorean out of a mineshaft and looking for Doc in the Wild West of 1885. But when their time machine breaks down, the travelers are stranded in a land of spurs. More problems arise when Doc falls for pretty schoolteacher Clara Clayton, and Marty tangles with Buford Tannen.",They've saved the best trip for last... But this time they may have gone too far.
Bacurau,2019,Juliano Dornelles,446159,tt2762506,Bacurau(2019){tmdb-446159}.mp4,"Bacurau, a small town in the Brazilian sertão, mourns the loss of its matriarch, Carmelita, who lived to be 94. Days later, its inhabitants notice that their community has vanished from most maps.","If you come, come in peace"
Bad Day At Black Rock,1955,John Sturges,14554,tt0047849,Bad-Day-At-Black-Rock(1955){tmdb-14554}.mp4,"One-armed war veteran John J. Macreedy steps off a train at the sleepy little town of Black Rock.  Once there, he begins to unravel a web of lies, secrecy, and murder.",Just the way it happened!
Bandolero!,1968,Andrew V. McLaglen,41857,tt0062708,Bandolero!(1968){tmdb-41857}.mp4,"Posing as a hangman, Mace Bishop arrives in town with the intention of freeing a gang of outlaws, including his brother, from the gallows. Mace urges his younger brother to give up crime. The sheriff chases the brothers to Mexico. They join forces, however, against a group of Mexican bandits.","There are ""Westerns"" and ""Westerns"". Every now and then comes a NEW kind of Western. This is ""BANDOLERO!""."
Big Jake,1971,George Sherman,21717,tt0066831,Big-Jake(1971){tmdb-21717}.mp4,An aging Texas cattle man who has outlived his time swings into action when outlaws kidnap his grandson.,They wanted gold. They gave them lead instead!
Blazing Saddles,1974,Mel Brooks,11072,tt0071230,Blazing-Saddles(1974){tmdb-11072}.mp4,"A town—where everyone seems to be named Johnson—stands in the way of the railroad. In order to grab their land, robber baron Hedley Lamarr sends his henchmen to make life in the town unbearable. After the sheriff is killed, the town demands a new sheriff from the Governor, so Hedley convinces him to send the town the first black sheriff in the west.",...or never give a saga an even break!
Blood On The Moon,1948,Robert Wise,29966,tt0040175,Blood-On-The-Moon(1948){tmdb-29966}.mp4,"Down-and-out cowhand Jim Garry is asked by his old friend Tate Riling to help mediate a cattle dispute. When Garry arrives, however, it soon becomes clear that Riling has not been entirely forthright. Garry uncovers Riling's plot to dupe local rancher John Lufton out of a fortune. When Lufton's firecracker of a daughter, Amy, gets involved, Garry must choose between his old loyalties and what he knows to be right.",A woman's bullet kills as quick as a man's!
Boot Hill,1969,Giuseppe Colizzi,12529,tt0064175,Boot-Hill(1969){tmdb-12529}.mp4,Victims of oppressive town boss Honey are offered help by an unusual alliance of gunmen and circus performers,Where Nobody Died of Natural Causes!
Boss Nigger,1975,Jack Arnold,26905,tt0072725,Boss-Nigger(1975){tmdb-26905}.mp4,"Two black bounty hunters ride into a small town out West in pursuit of an outlaw. They discover that the town has no sheriff, and soon take over that position, much against the will of the mostly white townsfolk.",White Man's Town... Black Man's Law!
Breakheart Pass,1975,Tom Gries,8043,tt0072735,Breakheart-Pass(1975){tmdb-8043}.mp4,"At the height of the frontier era, a train races through the Rocky Mountains on a classified mission to a remote army post. But one by one the passengers are being murdered, and their only hope is the mysterious John Deakin, who's being transported to face trial for murder.",Revenge Mystery Danger Ambush
Bring Me The Head Of Alfredo Garcia,1974,Sam Peckinpah,11942,tt0071249,Bring-Me-The-Head-Of-Alfredo-Garcia(1974){tmdb-11942}.mp4,An American bartender and his prostitute girlfriend go on a road trip through the Mexican underworld to collect a $1 million bounty on the head of a dead gigolo.,Why is his head worth one million dollars and the lives of 21 people?
Broken Arrow,1950,Delmer Daves,37292,tt0042286,Broken-Arrow(1950){tmdb-37292}.mkv,"Indian scout Tom Jeffords is sent out to stem the war between the American settlers and Apaches in the late 1870s Arizona. He learns that the Indians kill only to protect themselves, or out of retaliation for white atrocities.",The most powerful weapon is courage...
Broken Lance,1954,Edward Dmytryk,42328,tt0046808,Broken-Lance(1954){tmdb-42328}.mkv,"Cattle baron Matt Devereaux raids a copper smelter that is polluting his water, then divides his property among his sons. Son Joe takes responsibility for the raid and gets three years in prison. Matt dies from a stroke partly caused by his rebellious sons and when Joe gets out he plans revenge.",Fury of the West's Most Lawless Feud!
Buck And The Preacher,1972,Sidney Poitier,26928,tt0068323,Buck-And-The-Preacher(1972){tmdb-26928}.mp4,A wagon master and a con-man preacher help freed slaves dogged by cheap-labor agents out West.,The fight was against the raiders... but the feud was between themselves!
Buffalo Bill And The Indians Or Sitting Bulls History Lesson,1976,Robert Altman,42233,tt0074254,Buffalo-Bill-And-The-Indians-Or-Sitting-Bulls-History-Lesson(1976){tmdb-42233}.mp4,"Buffalo Bill plans to put on his own Wild West sideshow, and Chief Sitting Bull has agreed to appear in it. However, Sitting Bull has his own hidden agenda, involving the President and General Custer.",The greatest buffaloer of them all!
Butch Cassidy and the Sundance Kid,1969,George Roy Hill,642,tt0064115,Butch-Cassidy-and-the-Sundance-Kid(1969){tmdb-642}.mp4,"As the west rapidly becomes civilized, a pair of outlaws in 1890s Wyoming find themselves pursued by a posse and decide to flee to South America in hopes of evading the law.","Not that it matters, but most of it is true."
Canyon Passage,1946,Jacques Tourneur,37309,tt0038395,Canyon-Passage(1946){tmdb-37309}.mp4,"In 1850s Oregon, a businessman is torn between his love of two very different women and his loyalty to a compulsive gambler friend who goes over the line.",Every Exciting Character! Every Dangerous Moment....
Chisum,1970,Andrew V. McLaglen,38765,tt0065547,Chisum(1970){tmdb-38765}.mp4,Cattle baron John Chisum joins forces with Billy the Kid and Pat Garrett to fight the Lincoln County Land War in the New Mexico Territory of 1878.,THE LEGEND - John Wayne is 'Chisum'
Colorado Territory,1949,Raoul Walsh,28484,tt0041253,Colorado-Territory(1949){tmdb-28484}.mp4,"After escaping from jail, outlaw Wes McQueen is convinced by his old partner in crime to do one last heist.","A mighty, memorable new adventure hurtling out of the heroic vastness of Colorado Territory."
Coogan's Bluff,1968,Don Siegel,26170,tt0062824,Coogan's-Bluff(1968){tmdb-26170}.mp4,"Coogan, an Arizona deputy sheriff goes to New York to pick up a prisoner. While escorting the prisoner to the airport, he escapes and Coogan heads into the city to recapture him.",The man with no fear... takes on a killer with no pity... in a city with no heart.
Cowboy Bebop The Movie,2001,Shinichiro Watanabe,11299,tt0275277,Cowboy-Bebop-The-Movie(2001){tmdb-11299}.mp4,"The year is 2071. Following a terrorist bombing, a deadly virus is released on the populace of Mars and the government has issued the largest bounty in history, for the capture of whoever is behind it. The bounty hunter crew of the spaceship Bebop; Spike, Faye, Jet and Ed, take the case with hopes of cashing in the bounty. However, the mystery surrounding the man responsible, Vincent, goes deeper than they ever imagined, and they aren't the only ones hunting him.",They're here to save the planet. But not for free.
Cowboys And Aliens,2011,Jon Favreau,49849,tt0409847,Cowboys-And-Aliens(2011){tmdb-49849}.mkv,"A stranger stumbles into the desert town of Absolution with no memory of his past and a futuristic shackle around his wrist. With the help of mysterious beauty Ella and the iron-fisted Colonel Dolarhyde, he finds himself leading an unlikely posse of cowboys, outlaws, and Apache warriors against a common enemy from beyond this world in an epic showdown for survival.",First Contact. Last Stand.
Days of Heaven,1978,Terrence Malick,16642,tt0077405,Days-of-Heaven(1978){tmdb-16642}.mkv,"In 1916, a Chicago steel worker accidentally kills his supervisor and flees to the Texas panhandle with his girlfriend and little sister to work harvesting wheat in the fields of a stoic farmer.","She gave her hand to one man, but her heart to another."
Dead Man,1995,Tim Robbins,687,tt0112818,Dead-Man(1995){tmdb-687}.mp4,A death row inmate turns for spiritual guidance to a local nun in the days leading up to his scheduled execution for the murders of a young couple.,
Deadlock,1970,Roland Klick,79830,tt0065620,Deadlock(1970){tmdb-79830}.mp4,After pulling off a bank robbery two bandits meet in a deserted mining town to divide their loot but an old miner tries to steal it from them.,
Death Rides A Horse,1967,Giulio Petroni,49397,tt0064208,Death-Rides-A-Horse(1967){tmdb-49397}.mp4,"Bill Meceita, a boy whose family was murdered in front of him by a gang, sets out 15 years later to exact revenge. On his journey, he finds himself continually sparring and occasionally cooperating with Ryan, a gunfighter on his own quest for vengeance, who knows more than he says about Bill's tragedy.",This is revenge... and there's nothing sweet about it!
Decision at Sundown,1957,Budd Boetticher,39557,tt0050296,Decision-at-Sundown(1957){tmdb-39557}.mkv,A man and his partner arrive at a small Western town to kill its most powerful man because the former blames him for his wife's death.,At last the search was over...
Destry Rides Again,1939,George Marshall,43828,tt0031225,Destry-Rides-Again(1939){tmdb-43828}.mp4,"Tom Destry, son of a legendary frontier peacekeeper, doesn’t believe in gunplay. Thus he becomes the object of widespread ridicule when he rides into the wide-open town of Bottleneck, the personal fiefdom of the crooked Kent.",They make the fighting sinful west blaze into action before your eyes!
Dirty Little Billy,1972,Stan Dragoti,56966,tt0068487,Dirty-Little-Billy(1972){tmdb-56966}.mkv,"Clearly influenced by the darker, more sinister style of spaghetti westerns, Dirty Little Billy offers a unique insight into the beginnings of the notorious outlaw Billy The Kid.",Billy the Kid was a punk.
Django Unchained,2012,Quentin Tarantino,68718,tt1853728,Django-Unchained(2012){tmdb-68718}.mp4,"With the help of a German bounty hunter, a freed slave sets out to rescue his wife from a brutal Mississippi plantation owner.","Life, liberty, and the pursuit of vengeance."
Django,1966,Sergio Corbucci,10772,tt0060315,Django(1966){tmdb-10772}.mkv,A coffin-dragging gunslinger and a prostitute become embroiled in a bitter feud between a merciless masked clan and a band of Mexican revolutionaries.,The movie that spawned a genre.
Duck You Sucker,1971,Sergio Leone,336,tt0067140,Duck-You-Sucker(1971){tmdb-336}.mp4,"At the beginning of the 1913 Mexican Revolution, greedy bandit Juan Miranda and idealist John H. Mallory, an Irish Republican Army explosives expert on the lam from the British, fall in with a band of revolutionaries plotting to strike a national bank. When it turns out that the government has been using the bank as a hiding place for illegally detained political prisoners -- who are freed by the blast -- Miranda becomes a revolutionary hero against his will.","Two daredevils battle for a fortune in gold, and it will take an army to stop them!"
Duel at Diablo,1966,Ralph Nelson,1403,tt0060355,Duel-at-Diablo(1966){tmdb-1403}.mp4,"In Apache territory, a supply Army column heads for the next fort, an ex-scout searches for the killer of his Native wife, and a housewife abandons her husband to rejoin her Apache lover's tribe.",Yesterday they fought each other – today they fight together in a dead end canyon called Diablo!
Duel In The Sun,1946,King Vidor,32275,tt0038499,Duel-In-The-Sun(1946){tmdb-32275}.mp4,"Beautiful half-breed Pearl Chavez becomes the ward of her dead father's first love and finds herself torn between her sons, one good and the other bad.",Emotions . . . As Violent As The Wind-Swept Prairie !
El Dorado,1966,Howard Hawks,6644,tt0061619,El-Dorado(1966){tmdb-6644}.mp4,"Cole Thornton, a gunfighter for hire, joins forces with an old friend, Sheriff J.P. Harrah. Together with a fighter and a gambler, they help a rancher and his family fight a rival rancher that is trying to steal their water.",It's the big one with the big two!
El Topo,1970,Alejandro Jodorowsky,13041,tt0067866,El-Topo(1970){tmdb-13041}.mkv,"El Topo decides to confront warrior Masters on a trans-formative desert journey he begins with his 6 year old son, who must bury his childhood totems to become a man.",The definitive cult spaghetti western
First Cow,2019,Kelly Reichardt,558582,tt9231040,First-Cow(2019){tmdb-558582}.mp4,"In the 1820s, a taciturn loner and skilled cook travels west to Oregon Territory, where he meets a Chinese immigrant also seeking his fortune. Soon the two team up on a dangerous scheme to steal milk from the wealthy landowner’s prized Jersey cow – the first, and only, in the territory.",A simple western about the origin of the American Dream.
For a Few Dollars More,1965,Sergio Leone,938,tt0059578,For-a-Few-Dollars-More(1965){tmdb-938}.mkv,"Two bounty hunters both pursue the brutal and sadistic bandit, El Indio, who has a large bounty on his head.","The man with no name is back... the man in black is waiting... a walking arsenal - he uncoils, strikes and kills!"
Fort Apache,1948,John Ford,37347,tt0040369,Fort-Apache(1948){tmdb-37347}.mp4,"Owen Thursday sees his new posting to the desolate Fort Apache as a chance to claim the military honour which he believes is rightfully his. Arrogant, obsessed with military form and ultimately self-destructive, he attempts to destroy the Apache chief Cochise after luring him across the border from Mexico, against the advice of his subordinates.",John Ford's Masterpiece of the Frontier!
Forty Guns,1957,Samuel Fuller,14837,tt0050407,Forty-Guns(1957){tmdb-14837}.mp4,"An authoritarian rancher rules an Arizona county with her private posse of hired guns. When a new Marshall arrives to set things straight, the cattle queen finds herself falling for the avowedly non-violent lawman. Both have itchy-fingered brothers, a female gunman enters the picture, and things go desperately wrong.",The Taming of the Arizona Territory!
From Dusk Till Dawn 3 The Hangmans Daughter,1999,P.J. Pesce,10213,tt0120695,From-Dusk-Till-Dawn-3-The-Hangmans-Daughter(1999){tmdb-10213}.mp4,"Narrowly escaping death, outlaw Johnny Madrid goes on the run with the hangman's sensuous daughter Esmeralda by his side.",A Must-See Thrill Ride!
Garden Of Evil,1954,Henry Hathaway,36191,tt0047013,Garden-Of-Evil(1954){tmdb-36191}.mp4,A trio of American adventurers marooned in rural Mexico are recruited by a beautiful woman to rescue her husband from Apaches.,Takes you beyond the land of the Black Sand!
Go West,1925,Buster Keaton,33015,tt0015863,Go-West(1925){tmdb-33015}.mp4,With little luck at keeping a job in the city a New Yorker tries work in the country and eventually finds his way leading a herd of cattle to the West Coast.,Come with Buster out into the vast open spaces where men are men and cows are their only lady friends
Greaser's Palace,1972,Robert Downey Sr.,90715,tt0068659,Greaser's-Palace(1972){tmdb-90715}.mp4,"A parable based on the life of Christ. This ain't your father's Bible story, full of references about the destruction of the world through massive constipation and a New Mexican setting.",He's got the boogie on his fingers & the hubba-hubba in his soul!
Hang Em High,1968,Ted Post,4929,tt0061747,Hang-Em-High(1968){tmdb-4929}.mp4,"Marshall Jed Cooper survives a hanging, vowing revenge on the lynch mob that left him dangling. To carry out his oath for vengeance, he returns to his former job as a lawman. Before long, he's caught up with the nine men on his hit list and starts dispensing his own brand of Wild West justice.",The hanging was the best show in town. But they made two mistakes. They hung the wrong man and they didn't finish the job!
Heavens Gate,1980,Michael Cimino,10935,tt0080855,Heavens-Gate(1980){tmdb-10935}.mp4,"Harvard graduate James Averill serves as the sheriff of prosperous Jackson County, Wyo., standing at the center of a conflict between impoverished immigrants and affluent cattle farmers. Politically connected ranchers enlist mercenary Nathan Champion—who is also vying for the affections of local madam Ella Watson—to combat the immigrant uprising. As tensions escalate, both Averill and Champion start to question their decisions.",What one loves about life are the things that fade.
Hidalgo,2004,Joe Johnston,2023,tt0317648,Hidalgo(2004){tmdb-2023}.mp4,"Set in 1890, this is the story of a Pony Express courier who travels to Arabia to compete with his horse, Hidalgo, in a dangerous race for a massive contest prize, in an adventure that sends the pair around the world...",Unbridled. Unbroken. Unbeaten.
High Noon,1952,Fred Zinnemann,288,tt0044706,High-Noon(1952){tmdb-288}.mkv,"Will Kane, the sheriff of a small town in New Mexico, learns a notorious outlaw he put in jail has been freed, and will be arriving on the noon train. Knowing the outlaw and his gang are coming to kill him, Kane is determined to stand his ground, so he attempts to gather a posse from among the local townspeople.",The story of a man who was too proud to run!
High Plains Drifter,1973,Clint Eastwood,11901,tt0068699,High-Plains-Drifter(1973){tmdb-11901}.mp4,"A gunfighting stranger comes to the small settlement of Lago. After gunning down three gunmen who tried to kill him, the townsfolk decide to hire the Stranger to hold off three outlaws who are on their way.",They'd never forget the day he drifted into town.
Hombre,1967,Martin Ritt,27945,tt0061770,Hombre(1967){tmdb-27945}.mp4,"John Russell, disdained by his ""respectable"" fellow stagecoach passengers because he was raised by Indians, becomes their only hope for survival when they are set upon by outlaws.",Hombre means man... Paul Newman is Hombre!
How The West Was Won,1962,John Ford,11897,tt0056085,How-The-West-Was-Won(1962){tmdb-11897}.mp4,"The epic tale of the development of the American West from the 1830s through the Civil War to the end of the century, as seen through the eyes of one pioneer family.",It's here! The mightiest adventure ever filmed!
Invitation to a Gunfighter,1964,Richard Wilson,55150,tt0058238,Invitation-to-a-Gunfighter(1964){tmdb-55150}.mp4,"In New Mexico, a Confederate veteran returns home to find his fiancée married to a Union soldier, his Yankee neighbors rallied against him and his property sold by the local banker who then hires a gunman to kill him.",He Kills By Invitation
Joe Kidd,1972,John Sturges,14881,tt0068768,Joe-Kidd(1972){tmdb-14881}.mp4,"A band of Mexicans find their U. S. land claims denied and all the records destroyed in a courthouse fire. Their leader, Louis Chama, encourages them to use force to regain their land. A wealthy landowner wanting the same decides to hire a gang of killers with Joe Kidd to track Chama.",If you're looking for trouble...he's Joe Kidd.
Johnny Guitar,1954,Nicholas Ray,26596,tt0047136,Johnny-Guitar(1954){tmdb-26596}.mkv,"On the outskirts of town, the hard-nosed Vienna owns a saloon frequented by the undesirables of the region, including Dancin' Kid and his gang. Another patron of Vienna's establishment is Johnny Guitar, a former gunslinger and her lover. When a heist is pulled in town that results in a man's death, Emma Small, Vienna's rival, rallies the townsfolk to take revenge on Vienna's saloon – even without proof of her wrongdoing.",Gun-Queen of the Arizona Frontier! And her kind of men!
Jubal,1956,Delmer Daves,43260,tt0048233,Jubal(1956){tmdb-43260}.mp4,"Jubal Troop is a cowboy who is found in a weakened condition, without a horse. He is given shelter at Shep Horgan's large ranch, where he quickly makes an enemy in foreman Pinky, a cattleman who accuses Jubal of carrying the smell of sheep.",THE SOMETIMES VIOLENT STORY OF A DRIFTIN' COWHAND!
Killers Of The Flower Moon,2023,Martin Scorsese,466420,tt5537002,Killers-Of-The-Flower-Moon(2023){tmdb-466420}.mkv,"When oil is discovered in 1920s Oklahoma under Osage Nation land, the Osage people are murdered one by one—until the FBI steps in to unravel the mystery.",Greed is an animal that hungers for blood.
Legend Of The Lost,1957,Henry Hathaway,25848,tt0050629,Legend-Of-The-Lost(1957){tmdb-25848}.mp4,American ne'er-do-well Joe January is hired to take Paul Bonnard on an expedition into the desert in search of treasure.,Wayne Tangles with Loren...In the Adventure that's Hotter than 1000 Suns!
Lemonade Joe,1964,Oldřich Lipský,20629,tt0058275,Lemonade-Joe(1964){tmdb-20629}.mp4,"A satire of the Great American Way, with Lemonade Joe a ""clean living"" gunfighter who drinks only Kola-Loca Lemonade and convinces everyone else in town (with his gun skills) that all ""real men"" drink ONLY lemonade!",
Let Them Rest,1967,Carlo Lizzani,122787,tt0063500,Let-Them-Rest(1967){tmdb-122787}.mp4,"A Mexican community is slaughtered by Confederate troops; the lone survivor, a boy, is taken in by a preacher. Years later, the boy is now a soft-spoken, devout young man with perfect shooting skills (despite being a pacifist). On his journey to help his half-sister out of a complicated situation, he crosses paths with the men who killed his family, unbeknownst to him.",
Little Big Man,1970,Arthur Penn,11040,tt0065988,Little-Big-Man(1970){tmdb-11040}.mp4,"Jack Crabb, looking back from extreme old age, tells of his life being raised by Indians and fighting with General Custer.",Either the most neglected hero in history or a liar of insane proportion!
Lonely Are The Brave,1962,David Miller,43002,tt0056195,Lonely-Are-The-Brave(1962){tmdb-43002}.mp4,A fiercely independent cowboy arranges to have himself locked up in jail in order to then escape with an old friend who has been sentenced to the penitentiary.,Life can never cage a man like this!
Lucky,2017,John Carroll Lynch,407449,tt5859238,Lucky(2017){tmdb-407449}.mp4,"Follows the journey of a 90-year-old atheist and the quirky characters that inhabit his off-the-map desert town. He finds himself at the precipice of life, thrust into a journey of self-exploration.",
Lust For Gold,1949,George Marshall,94139,tt0041610,Lust-For-Gold(1949){tmdb-94139}.mp4,"A man determined to track down the fabled Arizona gold mine known as The Lost Dutchman has an affair with a married treasure hunter, whose pursuit of the mine has lead her to double-cross her husband.",Ruthless Fortune Seekers Who Will Stop at Nothing...
Major Dundee,1965,Sam Peckinpah,29715,tt0059418,Major-Dundee(1965){tmdb-29715}.mp4,"During the last winter of the Civil War, cavalry officer Amos Dundee leads a contentious troop of Army regulars, Confederate prisoners and scouts on an expedition into Mexico to destroy a band of Apaches who have been raiding U.S. bases in Texas.",
Man In The Shadow,1957,Jack Arnold,36459,tt0050680,Man-In-The-Shadow(1957){tmdb-36459}.mp4,"In a modern cow town, the powerful ranch owner’s henchmen kill a ranch hand, prompting the sheriff to investigate despite facing strong opposition. He finds an unlikely ally in the rancher's overprotected daughter, but their quest for justice puts them both in danger.",THIS WAS THE NIGHT WHEN THE LAW TURNED LAWLESS...to win back the justice a town had betrayed!
Man With The Gun,1955,Richard Wilson,26758,tt0048339,Man-With-The-Gun(1955){tmdb-26758}.mp4,"A stranger comes to town looking for his estranged wife. He finds her running the local girls. He also finds a town and sheriff afraid of their own shadow, scared of a landowner they never see who rules through his rowdy sidekicks. The stranger is a town tamer by trade, and he accepts a $500 commission to sort things out.",A man who lived and breathed violence!
Man Without a Star,1955,King Vidor,43319,tt0048340,Man-Without-a-Star(1955){tmdb-43319}.mp4,A wandering cowboy gets caught up in a range war.,A love-bargain is like barbed-wire...fight it and you'll get hurt!
McCabe and Mrs Miller,1971,Robert Altman,29005,tt0067411,McCabe-and-Mrs-Miller(1971){tmdb-29005}.mkv,A gambler and a prostitute become thriving business partners in a remote Old West mining town until a large corporation arrives on the scene.,The story of a gambling man and a hustling lady and the empire they fashioned from the wilderness.
Meeks Cutoff,2010,Kelly Reichardt,57120,tt1518812,Meeks-Cutoff(2010){tmdb-57120}.mp4,A group of settlers traveling through the Oregon High Desert in 1845 find themselves stranded in harsh conditions.,The Road to Civilisation is Not Always Civilised.
Monte Walsh,1970,William A. Fraker,71244,tt0066093,Monte-Walsh(1970){tmdb-71244}.mp4,"Monte Walsh is an aging cowboy facing the ending days of the Wild West era. As barbed wire and railways steadily eliminate the need for the cowboy, Monte and his friends are left with fewer and fewer options. New work opportunities are available to them, but the freedom of the open prarie is what they long for. Eventually, they all must say goodbye to the lives they knew, and try to make a new start.",Monte Walsh is what the West was all about.
My Darling Clementine,1946,John Ford,3088,tt0038762,My-Darling-Clementine(1946){tmdb-3088}.mp4,Three brothers stop off for a night in the town of Tombstone. The next morning they find one of their brothers dead and their cattle stolen. They decide to take revenge on the culprits.,"She was everything the West was - young, fiery, exciting!"
My Name Is Nobody,1973,Tonino Valerii,9474,tt0070215,My-Name-Is-Nobody(1973){tmdb-9474}.mp4,"Jack Beauregard, an aging gunman of the Old West, only wants to retire in peace and move to Europe, but a young gunfighter known as ""Nobody"" who idolizes Beauregard wants him to go out in a blaze of glory. So, he arranges for Jack to face the 150-man gang known as The Wild Bunch and earn his place in history.","Nobody, but ""Nobody,"" knows the trouble he's in!"
Neath The Arizona Skies,1934,Harry L. Fraser,53830,tt0024805,Neath-The-Arizona-Skies(1934){tmdb-53830}.mp4,"Chris Morrell, the guardian of half-Indian girl Nina, is helping her find her missing white father. so she can cash in on her late mother's oil lease. Outlaw Sam Black is after the girl and her father as well. Besides dealing with the Black gang, Morrell has to find another robber, Jim Moore, who switches clothes with him after he finds Chris unconscious from a fight with Sam Black. Along the way, he meets a lady who's the sister of Jim Moore, another bad hombre who's in cahoots with Jim Moore, and an old friend who takes in Nina and helps Chris locate Nina's father and fight off the various desperadoes",Hair-trigger Action! Hair-Trigger Action!
Once Upon A Time In China And America,1997,Sammo Hung,10620,tt0120530,Once-Upon-A-Time-In-China-And-America(1997){tmdb-10620}.mp4,"So goes to the U.S. to open a martial arts school. Around this time, many Chinese people were sold off to U.S. railroad companies, and were brutally treated by the Americans under the harsh working conditions. Thus, the American workers' hatred towards the Chinese immigrants is high. As a result, So gets into trouble with the Americans and the mob, and calls Master Wong for help.",
Once Upon a Time in the West,1968,Sergio Leone,335,tt0064116,Once-Upon-a-Time-in-the-West(1968){tmdb-335}.mkv,"As the railroad builders advance unstoppably through the Arizona desert on their way to the sea, Jill arrives in the small town of Flagstone with the intention of starting a new life.",There were three men in her life. One to take her… one to love her —and one to kill her.
One Eyed Jacks,1961,Marlon Brando,18647,tt0055257,One-Eyed-Jacks(1961){tmdb-18647}.mkv,"Running from the law after a bank robbery in Mexico, Dad Longworth finds an opportunity to take the stolen gold and leave his partner Rio to be captured. Years later, Rio escapes from the prison where he has been since, and hunts down Dad for revenge. Dad is now a respectable sheriff in California, and has been living in fear of Rio's return.",The motion picture that starts its own tradition of greatness.
Pale Rider,1985,Clint Eastwood,8879,tt0089767,Pale-Rider(1985){tmdb-8879}.mp4,A mysterious preacher protects a humble prospector village from a greedy mining company trying to encroach on their land.,...and hell followed with him.
Pat Garrett and Billy the Kid,1973,Sam Peckinpah,11577,tt0070518,Pat-Garrett-and-Billy-the-Kid(1973){tmdb-11577}.mkv,Pat Garrett is hired as a lawman on behalf of a group of wealthy New Mexico cattle barons to bring down his old friend Billy the Kid.,Best of enemies. Deadliest of friends.
Pony Express,1953,Jerry Hopper,43351,tt0046198,Pony-Express(1953){tmdb-43351}.mp4,"Buffalo Bill and Wild Bill Hickok join forces to establish a mail route that can get mail from St. Joseph, Missouri, to Sacramento, California, in ten days. Along the way they must battle bad weather, hostile Indians and outlaws intent on robbing the mail and shutting down the entire operation.",GALLOPING THRILLS! A mighty adventure when America's destiny rode in the saddle bags of the...PONY EXPRESS
Pursued,1947,Raoul Walsh,26761,tt0039737,Pursued(1947){tmdb-26761}.mp4,A boy haunted by nightmares about the night his entire family was murdered is brought up by a neighboring family in the 1880s. He falls for his lovely adoptive sister but his nasty adoptive brother and mysterious uncle want him dead.,Robert Mitchum fights for the love of three people who want to see him dead...his family.
Rancho Deluxe,1975,Frank Perry,42261,tt0073605,Rancho-Deluxe(1975){tmdb-42261}.mp4,"Two drifters, of widely varying backgrounds, rustle cattle and try to avoid being caught in contemporary Montana.","Oh give me a home, with a low interest loan, A cowgirl and two pickup trucks. A color TV, all the beer should be free, And that, man, is Rancho Deluxe."
Rango,2011,Gore Verbinski,44896,tt1192628,Rango(2011){tmdb-44896}.mkv,"When Rango, a lost family pet, accidentally winds up in the gritty, gun-slinging town of Dirt, the less-than-courageous lizard suddenly finds he stands out. Welcomed as the last hope the town has been waiting for, new Sheriff Rango is forced to play his new role to the hilt.",Heroes come in all different colors.
Red River,1948,Howard Hawks,3089,tt0040724,Red-River(1948){tmdb-3089}.mkv,"Following the Civil War, headstrong rancher Thomas Dunson decides to lead a perilous cattle drive from Texas to Missouri. During the exhausting journey, his persistence becomes tyrannical in the eyes of Matthew Garth, his adopted son and protégé.",
Ride in the Whirlwind,1966,Monte Hellman,60555,tt0059653,Ride-in-the-Whirlwind(1966){tmdb-60555}.mp4,"Three cowboys, mistaken for members of an outlaw gang, are relentlessly pursued by a posse.",Ride with the Easy Rider into an action whirlwind.
Ride The High Country,1962,Sam Peckinpah,36206,tt0056412,Ride-The-High-Country(1962){tmdb-36206}.mp4,An ex-lawman is hired to transport gold from a mining community through dangerous territory. But what he doesn't realize is that his partner and old friend is plotting to double-cross him.,Showdown in the High Sierra!
Ride With The Devil,1999,Ang Lee,22267,tt0134154,Ride-With-The-Devil(1999){tmdb-22267}.mp4,"Ride with the Devil follows four people who are fighting for truth and justice amidst the turmoil of the American Civil War. Director Ang Lee takes us to a no man's land on the Missouri/Kansas border where a staunch loyalist, an immigrant's son, a freed slave, and a young widow form an unlikely friendship as they learn how to survive in an uncertain time. In a place without rules and redefine the meaning of bravery and honor.","In a No-man's Land between North and South, You didn't fight for the Blue or the Grey... You fought for your friends and family."
Rio Bravo,1959,Howard Hawks,301,tt0053221,Rio-Bravo(1959){tmdb-301}.mp4,"A small-town sheriff in the American West enlists the help of a disabled man, a drunk, and a young gunfighter in his efforts to hold in jail the brother of the local bad guy.",They fought back to back... No quarter given... No quarter asked... No way in... No way out... of Rio Bravo!
Rio Conchos,1964,Gordon Douglas,32560,tt0058525,Rio-Conchos(1964){tmdb-32560}.mp4,"Two Army officers, an alcoholic ex-Confederate soldier and a womanizing Mexican travel to Mexico on a secret mission to prevent a megalomaniacal ex-Confederate colonel from selling a cache of stolen rifles to a band of murderous Apaches.",Four men stalking the Apache nation...on a mission that could drench the whole Southwest in blood and flames!
Rio Lobo,1970,Howard Hawks,26593,tt0066301,Rio-Lobo(1970){tmdb-26593}.mp4,"After the Civil War, a former Union colonel searches for the two traitors whose perfidy led to the loss of a close friend.","Give 'Em Hell, John."
River Of No Return,1954,Otto Preminger,1936,tt0047422,River-Of-No-Return(1954){tmdb-1936}.mp4,An itinerant farmer and his young son help a heart-of-gold saloon singer search for her estranged husband.,"Reckless, Roaring, Adventure of the Great Northwest Gold Rush Days!"
Roy Colt Winchester Jack,1970,Mario Bava,92788,tt0066315,Roy-Colt-Winchester-Jack(1970){tmdb-92788}.mp4,"Two outlaws compete with each other over a treasure map that will lead them to buried gold while one of them is in league with a sadistic priest-turned-crime lord, while a young Native American girl helps both outlaws and plays both sides against each other.",
Run For Cover,1955,Nicholas Ray,85639,tt0048570,Run-For-Cover(1955){tmdb-85639}.mp4,An ex-convict drifter and his flawed young partner are made sheriff and deputy of a Western town.,"The story of a man apart... who brought faith to a youth, love to a woman, justice to a land!"
Shane,1953,George Stevens,3110,tt0046303,Shane(1953){tmdb-3110}.mkv,"A weary gunfighter attempts to settle down with a homestead family, but a smouldering settler and rancher conflict forces him to act.",The greatest story of the West ever filmed!
Shanghai Knights,2003,David Dobkin,6038,tt0300471,Shanghai-Knights(2003){tmdb-6038}.mp4,"When a Chinese rebel murders Chon's estranged father and escapes to England, Chon and Roy make their way to London with revenge on their minds.",A Royal Kick In The Arse
Shanghai Noon,2000,Tom Dey,8584,tt0184894,Shanghai-Noon(2000){tmdb-8584}.mp4,"Chon Wang, a clumsy imperial guard, trails Princess Pei Pei when she's kidnapped from the Forbidden City and transported to America. Wang follows her captors to Nevada, where he teams up with an unlikely partner, outcast outlaw Roy O'Bannon, and tries to spring the princess from her imprisonment.",The old west meets the far east.
Silverado,1985,Lawrence Kasdan,11509,tt0090022,Silverado(1985){tmdb-11509}.mp4,"Four unwitting heroes cross paths on their journey to the sleepy town of Silverado. Little do they know the town where their family and friends reside has been taken over by a corrupt sheriff and a murderous posse. It's up to the sharp-shooting foursome to save the day, but first they have to break each other out of jail, and learn who their real friends are.",Four strangers become friends. Four friends become heroes. On the road to Silverado.
Soldier Blue,1970,Ralph Nelson,14384,tt0066390,Soldier-Blue(1970){tmdb-14384}.mp4,"After a cavalry group is massacred by the Cheyenne, only two survivors remain: Honus, a naive private devoted to his duty, and Cresta, a young woman who had lived with the Cheyenne two years and whose sympathies lie more with them than with the US government. Together, they must try to reach the cavalry's main base camp. As they travel onward, Honus is torn between his growing affection for Cresta.",The most savage film in history!
Stagecoach,1939,John Ford,995,tt0031971,Stagecoach(1939){tmdb-995}.mp4,"A group of people traveling on a stagecoach find their journey complicated by the threat of Geronimo, and learn something about each other in the process.",A powerful story of nine strange people.
Straight To Hell,1987,Alex Cox,9698,tt0094048,Straight-To-Hell(1987){tmdb-9698}.mp4,"A gang of bank robbers with a suitcase full of money go to the desert to hide out. After burying the loot, they find their way to a surreal town full of cowboys who drink an awful lot of coffee.","A story of blood, money, guns, coffee, and sexual tension."
Strange Way Of Life,2023,Pedro Almodóvar,963765,tt13055264,Strange-Way-Of-Life(2023){tmdb-963765}.mkv,"After 25 years, an ex hired gun visits his old colleague, who is now a small town sheriff. Their past relationship is explored, as is how they reflect on it in the present.",
Surrounded,2023,Anthony Mandler,759584,tt2572212,Surrounded(2023){tmdb-759584}.mp4,"After her stagecoach is ambushed, a woman is  tasked with holding a dangerous outlaw captive and must survive the day when the bandit’s gang tries to free him.",Never surrender.
Take a Hard Ride,1975,Antonio Margheriti,44697,tt0073784,Take-a-Hard-Ride(1975){tmdb-44697}.mp4,"After his cattle rancher boss dies, right-hand man Pike is given the job of returning $86,000 to some families who live across the border in Sonora, Mexico. Honest Pike is joined on the trip through the wilderness by a dishonest gambler named Tyree.",It Rides With The Great Westerns
Terror In a Texas Town,1958,Joseph H. Lewis,46681,tt0052287,Terror-In-a-Texas-Town(1958){tmdb-46681}.mkv,"Armed with a harpoon, a Swedish whaler is out for revenge after the death of his father. A greedy oil man trying to buy up the Swede's land might be the guilty party.",When the Texas Plains Ran With Blood and Black Gold!
The Alamo,1960,John Wayne,11209,tt0053580,The-Alamo(1960){tmdb-11209}.mp4,The legendary true story of a small band of soldiers who sacrificed their lives in hopeless combat against a massive army in order to prevent a tyrant from smashing the new Republic of Texas.,The Mission That Became a Fortress! The Fortress That Became a Shrine!
The Apple Dumpling Gang,1975,Norman Tokar,18660,tt0072653,The-Apple-Dumpling-Gang(1975){tmdb-18660}.mp4,A roving bachelor gets saddled with three children and a wealth of trouble when the youngsters stumble upon a huge gold nugget. They join forces with two bumbling outlaws to fend off the greedy townspeople and soon find themselves facing a surly gang of sharpshooters.,"Wanted: For chicanery, skulduggery, tomfoolery and habitual bungling!"
The Assassination Of Jesse James By The Coward Robert Ford,2007,Andrew Dominik,4512,tt0443680,The-Assassination-Of-Jesse-James-By-The-Coward-Robert-Ford(2007){tmdb-4512}.mp4,"Outlaw Jesse James is rumored to be the 'fastest gun in the West'. An eager recruit into James' notorious gang, Robert Ford eventually grows jealous of the famed outlaw and, when Robert and his brother sense an opportunity to kill James, their murderous action elevates their target to near mythical status.",Beyond the myth lies America's greatest betrayal
The Ballad Of Buster Scruggs,2018,Joel Coen,537996,tt6412452,The-Ballad-Of-Buster-Scruggs(2018){tmdb-537996}.mp4,"Vignettes weaving together the stories of six individuals in the old West at the end of the Civil War. Following the tales of a sharp-shooting songster, a wannabe bank robber, two weary traveling performers, a lone gold prospector, a woman traveling the West to an uncertain future, and a motley crew of strangers undertaking a carriage ride.",Stories live forever. People don't
The Ballad Of Cable Hogue,1970,Sam Peckinpah,23330,tt0065446,The-Ballad-Of-Cable-Hogue(1970){tmdb-23330}.mp4,"Double-crossed and left without water in the desert, Cable Hogue is saved when he finds a spring. It is in just the right spot for a much needed rest stop on the local stagecoach line, and Hogue uses this to his advantage. He builds a house and makes money off the stagecoach passengers. Hildy, a prostitute from the nearest town, moves in with him. Hogue has everything going his way until the advent of the automobile ends the era of the stagecoach.",Cable Hogue says … “Do unto others … as you would have others do unto you.”
The Baron Of Arizona,1950,Samuel Fuller,37329,tt0042229,The-Baron-Of-Arizona(1950){tmdb-37329}.mp4,The U.S. government recognizes land grants made when the West was under Spanish rule. This inspires James Reavis to forge a chain of historical evidence that makes a foundling girl the Baroness of Arizona. Reavis marries the girl and presses his claim to the entire Arizona territory.,The lustiest adventure a man ever lived!
The Beguiled,1971,Don Siegel,31906,tt0066819,The-Beguiled(1971){tmdb-31906}.mp4,"Offbeat Civil War drama in which a wounded Yankee soldier, after finding refuge in an isolated girls' school in the South towards the end of the war, becomes the object of the young women's sexual fantasies. The soldier manipulates the situation for his own gratification, but when he refuses to completely comply with the girls' wishes, they make it very difficult for him to leave.",One man... seven women... in a strange house!
The Beguiled,2017,Sofia Coppola,399019,tt5592248,The-Beguiled(2017){tmdb-399019}.mp4,"During the Civil War, at a Southern girls’ boarding school, young women take in an injured enemy soldier. As they provide refuge and tend to his wounds, the house is taken over with sexual tension and dangerous rivalries, and taboos are broken in an unexpected turn of events.","Innocent, until betrayed."
The Big Trail,1930,Raoul Walsh,42640,tt0020691,The-Big-Trail(1930){tmdb-42640}.mp4,Young scout Breck Coleman leads a wagon train along the dangerous trail to Oregon as he tries to get the affection of the beautiful pioneer Ruth Cameron and plans his revenge on the harsh scoundrels who murdered a friend of his in the past.,A mighty drama of the early pioneers
The Cowboy & The Frenchman,1988,David Lynch,94295,tt0190327,The-Cowboy-&-The-Frenchman(1988){tmdb-94295}.mkv,"A grizzled, hard-of-hearing cowboy, Slim, and his two friends, Dusty and Pete, capture a mysterious, well-dressed Frenchman.",
The Fighting Kentuckian,1949,George Waggner,15266,tt0041361,The-Fighting-Kentuckian(1949){tmdb-15266}.mp4,"John Breen (John Wayne), a Kentucky militiaman falls in love with French exile Fleurette De Marchand (Vera Ralston). He discovers a plot to steal the land that Fleurette's exiles plan to settle on and aims to foil it.","ROUGHER, TOUGHER, MORE ROMANTIC THAN EVER!"
The Furies,1950,Anthony Mann,28304,tt0042490,The-Furies(1950){tmdb-28304}.mp4,A New Mexico cattle man and his strong-willed daughter clash over land and love.,
The Gold Rush,1925,Charlie Chaplin,962,tt0015864,The-Gold-Rush(1925){tmdb-962}.mp4,A gold prospector in Alaska struggles to survive the elements and win the heart of a dance hall girl.,The World's Greatest Laughing Picture!
The Good the Bad and the Ugly,1966,Sergio Leone,429,tt0060196,The-Good-the-Bad-and-the-Ugly(1966){tmdb-429}.mkv,"While the Civil War rages on between the Union and the Confederacy, three men – a quiet loner, a ruthless hitman, and a Mexican bandit – comb the American Southwest in search of a strongbox containing $200,000 in stolen gold.",For three men the Civil War wasn't hell. It was practice.
The Great Northfield Minnesota Raid,1972,Philip Kaufman,27349,tt0068661,The-Great-Northfield-Minnesota-Raid(1972){tmdb-27349}.mp4,"The gangs of Jesse James and Cole Younger join forces to rob the First National Bank in Northfield, Minnesota, but things do not go as planned.",The West the way it really was!
The Great Silence,1968,Sergio Corbucci,9028,tt0063032,The-Great-Silence(1968){tmdb-9028}.mkv,"A mute gunslinger fights in the defense of a group of outlaws and a vengeful young widow, against a group of ruthless bounty hunters.",His voice was the silence of death!
The Gunfighter,1950,Henry King,17409,tt0042531,The-Gunfighter(1950){tmdb-17409}.mp4,The fastest gun in the West tries to escape his reputation.,His only friend was his gun... His only refuge - a woman's heart!
The Hateful Eight,2015,Quentin Tarantino,273248,tt3460252,The-Hateful-Eight(2015){tmdb-273248}.mp4,Bounty hunters seek shelter from a raging blizzard and get caught up in a plot of betrayal and deception.,No one comes up here without a damn good reason.
The Jayhawkers,1959,Melvin Frank,6587,tt0052941,The-Jayhawkers(1959){tmdb-6587}.mkv,Before the U.S. Civil War rebel leader Luke Darcy sees himself as leader of a new independent Republic of Kansas but the military governor sends an ex-raider to capture Darcy.,Against the background of a turbulent era when Civil War was a flaming cloud on history's horizon . . A TREMENDOUS MOTION PICTURE!
The Kid Brother,1927,Ted Wilde,16661,tt0018051,The-Kid-Brother(1927){tmdb-16661}.mp4,The timid youngest son of the most important family in town must use his wits to win the respect of his strong father and the love of a beautiful new woman in town.,"""The Freshman"" is down on the farm! And there's a real plot with bashful love-making and everything!"
The Last Hard Men,1976,Andrew V. McLaglen,38450,tt0074776,The-Last-Hard-Men(1976){tmdb-38450}.mp4,"In 1909 Arizona, retired lawman Sam Burgade's life is thrown upside-down when his old enemy Provo and six other convicts escape a chain-gang in the Yuma Territorial Prison and come gunning for Burgade.",Too Mean to Forgive... Too Mad to Forget!
The Last Movie,1971,Dennis Hopper,49600,tt0067327,The-Last-Movie(1971){tmdb-49600}.mp4,"After a film production wraps in Peru, an American wrangler decides to stay behind, witnessing how filmmaking affects the locals.",There is a time to die and a time not to
The Left Handed Gun,1958,Arthur Penn,42402,tt0051849,The-Left-Handed-Gun(1958){tmdb-42402}.m4v,"When a crooked sheriff murders his employer, William ""Billy the Kid"" Bonney decides to avenge the death by killing the man responsible, throwing the lives of everyone around him into turmoil, and endangering the General Amnesty set up by Governor Wallace to bring peace to the New Mexico Territory.",I don't run. I don't hide. I go where I want. I do what I want.
The Lusty Men,1952,Nicholas Ray,43370,tt0044860,The-Lusty-Men(1952){tmdb-43370}.mp4,Retired rodeo champion Jeff McCloud agrees to mentor novice rodeo contestant Wes Merritt against the wishes of Merritt's wife who fears the dangers of this rough sport.,A Fast Buck... A Fast Bronc... A Fast Thrill!
The Magnificent Seven,1960,John Sturges,966,tt0054047,The-Magnificent-Seven(1960){tmdb-966}.mkv,An oppressed Mexican peasant village hires seven gunfighters to help defend their homes.,They were seven…and they fought like seven hundred!
The Magnificent Seven,2016,Antoine Fuqua,333484,tt2404435,The-Magnificent-Seven(2016){tmdb-333484}.mkv,"Looking to mine for gold, greedy industrialist Bartholomew Bogue seizes control of the Old West town of Rose Creek. With their lives in jeopardy, Emma Cullen and other desperate residents turn to bounty hunter Sam Chisolm for help. Chisolm recruits an eclectic group of gunslingers to take on Bogue and his ruthless henchmen. With a deadly showdown on the horizon, the seven mercenaries soon find themselves fighting for more than just money once the bullets start to fly.",Justice has a number.
The Man from Laramie,1955,Anthony Mann,18264,tt0048342,The-Man-from-Laramie(1955){tmdb-18264}.mp4,"Will Lockhart arrives in Coronado, an isolated town in New Mexico, in search of someone who sells rifles to the Apache tribe, finding himself unwillingly drawn into the convoluted life of a local ranching family whose members seem to have a lot to hide.",The man you'll never forget!
The Man Who Shot Liberty Valance,1962,John Ford,11697,tt0056217,The-Man-Who-Shot-Liberty-Valance(1962){tmdb-11697}.mkv,"Questions arise when Senator Stoddard attends the funeral of a local man named Tom Doniphon in a small Western town. Flashing back, we learn Doniphon saved Stoddard, then a lawyer, when he was roughed up by a crew of outlaws terrorizing the town, led by Liberty Valance. As the territory's safety hung in the balance, Doniphon and Stoddard, two of the only people standing up to him, proved to be very important, but different, foes to Valance.",Together for the first time
The Mark of Zorro,1940,Rouben Mamoulian,32093,tt0032762,The-Mark-of-Zorro(1940){tmdb-32093}.mp4,"In 1820 Spain, the son of a California nobleman comes home to find his native land under a villainous dictatorship. On one hand, he plays the useless fop, while on the other, he is the masked avenger Zorro.",Ride With Zorro . . . The Dashing Don Of California's Most Adventurous Era !
The Misfits,1961,John Huston,11536,tt0055184,The-Misfits(1961){tmdb-11536}.mp4,"While filing for a divorce, beautiful ex-stripper Roslyn Taber ends up meeting aging cowboy-turned-gambler Gay Langland and former World War II aviator Guido Racanelli. The two men instantly become infatuated with Roslyn and, on a whim, the three decide to move into Guido's half-finished desert home together. When grizzled ex-rodeo rider Perce Howland arrives, the unlikely foursome strike up a business capturing wild horses.",It shouts and sings with life ... explodes with love!
The Missouri Breaks,1976,Arthur Penn,42252,tt0074906,The-Missouri-Breaks(1976){tmdb-42252}.mp4,"When vigilante land baron David Braxton hangs one of the best friends of cattle rustler Tom Logan, Logan's gang decides to get even by purchasing a small farm next to Braxton's ranch. From there the rustlers begin stealing horses, using the farm as a front for their operation. Determined to stop the thefts at any cost, Braxton retains the services of eccentric sharpshooter Robert E. Lee Clayton, who begins ruthlessly taking down Logan's gang.",One steals. One kills. One dies.
The Naked Spur,1953,Anthony Mann,20442,tt0044953,The-Naked-Spur(1953){tmdb-20442}.mp4,A bounty hunter trying to bring a murderer to justice is forced to accept the help of two less-than-trustworthy strangers.,Packed with Technicolor Thrills!
The New Frontier,1935,Carl Pierson,229401,tt0026774,The-New-Frontier(1935){tmdb-229401}.mp4,"In 1889 pioneers race ahead of the law to claim free land in Oklahoma, forming wide-open towns. In one such, citizens elect Milt Dawson to challenge the self-appointed rule of gambler Ace Holmes, only to have him shot in the back. But leading the next batch of settlers is Milt's quick-on-the-draw son John, who gets help from friendly outlaws.",
The New Land,1972,Jan Troell,42488,tt0069035,The-New-Land(1972){tmdb-42488}.mp4,"A Swedish immigrant family struggles to adapt to their new life on the American frontier during the second half of the 19th century amidst civil war, native uprising and the lure of gold in California.","From ""The Emigrants"" dream, come the settlers struggle to survive..."
The Outlaw Josey Wales,1976,Clint Eastwood,10747,tt0075029,The-Outlaw-Josey-Wales(1976){tmdb-10747}.mp4,"After avenging his family's brutal murder, Wales is pursued by a pack of soldiers. He prefers to travel alone, but ragtag outcasts are drawn to him - and Wales can't bring himself to leave them unprotected.",...an army of one.
The Outlaw,1943,Howard Hughes,22613,tt0036241,The-Outlaw(1943){tmdb-22613}.mp4,"Newly appointed sheriff Pat Garrett is pleased when his old friend Doc Holliday arrives in Lincoln, New Mexico on the stage. Doc is trailing his stolen horse, and it is discovered in the possession of Billy the Kid. In a surprising turnaround, Billy and Doc become friends. This causes the friendship between Doc and Pat to cool. The odd relationship between Doc and Billy grows stranger when Doc hides Billy at his girl Rio's place after Billy is shot.",Tall.... Terrific.... and Trouble!
The Ox Bow Incident,1942,William A. Wellman,980,tt0036244,The-Ox-Bow-Incident(1942){tmdb-980}.mkv,A posse discovers a trio of men they suspect of murder and cow theft and are split between handing them over to the law or lynching them on the spot.,Lynch law rules the mob!
The Power Of The Dog,2021,Jane Campion,600583,tt10293406,The-Power-Of-The-Dog(2021){tmdb-600583}.mkv,"A domineering but charismatic rancher wages a war of intimidation on his brother's new wife and her teen son, until long-hidden secrets come to light.",
The Professionals,1966,Richard Brooks,22383,tt0060862,The-Professionals(1966){tmdb-22383}.mp4,An arrogant Texas millionaire hires four adventurers to rescue his kidnapped wife from a notorious Mexican bandit.,"Rough, tough and ready."
The Proposition,2005,John Hillcoat,16608,tt0421238,The-Proposition(2005){tmdb-16608}.mp4,"In 1880s Australia, a lawman offers renegade Charlie Burns a difficult choice. In order to save his younger brother from the gallows, Charlie must hunt down and kill his older brother, who is wanted for rape and murder. Venturing into one of the Outback's most inhospitable regions, Charlie faces a terrible moral dilemma that can end only in violence.",This land will be civilized.
The Quick And The Dead,1995,Sam Raimi,12106,tt0114214,The-Quick-And-The-Dead(1995){tmdb-12106}.mkv,"A mysterious woman comes to compete in a quick-draw elimination tournament, in a town taken over by a notorious gunman.",Think you're quick enough?
The Rawhide Years,1956,Rudolph Maté,140849,tt0049663,The-Rawhide-Years(1956){tmdb-140849}.mp4,"Ben Matthews gives up the flashy life of a riverboat gambler, hoping to settle down in Galena with his girlfriend, luscious entertainer Zoe. But Galena's leading citizen is murdered on the boat; Ben, on arrival, finds a lynch mob after his neck, and flees. Three years of wandering later, Zoe's letters stop coming and Ben returns to find her and attempt the hopeless task of clearing himself.",THE GAMBLER...THE GUNSLINGER...THE RIVER LADY KNOWN AS 'ZOE'...They Risked Their Luck On A Turn Of A Card...Their Lives On The Draw Of A Gun!
The Red Pony,1949,Lewis Milestone,23395,tt0041792,The-Red-Pony(1949){tmdb-23395}.mp4,"Peter Miles stars as Tom Tiflin, the little boy at the heart of this John Steinbeck story set in Salinas Valley. With his incompatible parents -- the city-loving Fred and country-happy Alice -- constantly bickering, Tom looks to cowboy Billy Buck for companionship and paternal love.",John Steinbeck's great American story !
The Return Of Frank James,1940,Fritz Lang,43821,tt0032983,The-Return-Of-Frank-James(1940){tmdb-43821}.mp4,"Farmer Frank and his ward hunt brother Jesse's killers, the back-shooting Fords.",Encore triumph from 20th Century-Fox.
The Revenant,2015,Alejandro González Iñárritu,281957,tt1663202,The-Revenant(2015){tmdb-281957}.mkv,"In the 1820s, a frontiersman, Hugh Glass, sets out on a path of vengeance against those who left him for dead after a bear mauling.",Blood lost. Life found.
The Searchers,1956,John Ford,3114,tt0049730,The-Searchers(1956){tmdb-3114}.mkv,"As a Civil War veteran spends years searching for a young niece captured by Indians, his motivation becomes increasingly questionable.",He had to find her... he had to find her...
The Shooting,1966,Monte Hellman,42701,tt0062262,The-Shooting(1966){tmdb-42701}.mp4,"Two miners agree to guide a mysterious woman, who has appeared in their camp from nowhere, to a nearby town; but soon, because of her erratic behavior, they begin to suspect that her true purpose is quite different.",Suspenseful desert pursuit in the “High Noon” tradition
The Shootist,1976,Don Siegel,12584,tt0075213,The-Shootist(1976){tmdb-12584}.mp4,"Afflicted with a terminal illness John Bernard Books, the last of the legendary gunfighters, quietly returns to Carson City for medical attention from his old friend Dr. Hostetler. Aware that his days are numbered, the troubled man seeks solace and peace in a boarding house run by a widow and her son. However, it is not Books' fate to die in peace, as he becomes embroiled in one last valiant battle.",He's got to face a gunfight once more to live up to his legend once more. To win just one more time.
The Sons Of Katie Elder,1965,Henry Hathaway,16211,tt0059740,The-Sons-Of-Katie-Elder(1965){tmdb-16211}.mp4,"The four sons of Katie Elder reunite in their hometown of Clearwater, Texas for her funeral and discover that the family ranch is now in the hands of Morgan Hastings, a corrupt businessman who wants to exploit the area around the town.","From the four winds they came, the four brothers, their eyes smoking and their fingers itching..."
The Specialists,1969,Sergio Corbucci,7507,tt0065026,The-Specialists(1969){tmdb-7507}.mp4,Hud Dixon returns to his hometown when his brother is killed by a lynch mob.,
The Train Robbers,1973,Burt Kennedy,40682,tt0070825,The-Train-Robbers(1973){tmdb-40682}.mp4,"A gunhand named Lane is hired by a widow, Mrs. Lowe, to find gold stolen by her husband so that she may return it and start fresh.",The gold or the grave. The young widow could lead them to either.
The Treasure Of The Sierra Madre,1948,John Huston,3090,tt0040897,The-Treasure-Of-The-Sierra-Madre(1948){tmdb-3090}.mp4,"Two jobless Americans convince a prospector to travel to the mountains of Mexico with them in search of gold. But the hostile wilderness, local bandits, and greed all get in the way of their journey.","The nearer they get to their treasure, the farther they get from the law."
The True Story Of Jesse James,1957,Nicholas Ray,83354,tt0051114,The-True-Story-Of-Jesse-James(1957){tmdb-83354}.mp4,"Having fought with the Confederacy during the Civil War, Jesse James and his brother Frank dream of a farm life in Missouri. Harassed by Union sympathizers, they assemble a gang of outlaws, robbing trains and becoming folk heroes in the process. Jesse marries his sweetheart, Zee, and maintains an aura of domesticity, but after a group of lawmen launch an attack on his mother's house, Jesse plans one more great raid -- on a Minnesota bank.",The real story… really told for the first time!
Track of the Cat,1954,William A. Wellman,86608,tt0047603,Track-of-the-Cat(1954){tmdb-86608}.mp4,"A family saga: In a stunning mountain valley ranch setting near Aspen, complex and dangerous family dynamics play out against the backdrop of the first big snowstorm of winter and an enormous panther with seemingly mythical qualities which is killing cattle.","A love story of real, raw, runaway emotions!"
The Undefeated,1969,Andrew V. McLaglen,18972,tt0065150,The-Undefeated(1969){tmdb-18972}.mp4,"After the Civil War, ex-Union Colonel John Henry Thomas and ex-Confederate Colonel James Langdon are leading two disparate groups of people through strife-torn Mexico. John Henry and company are bringing horses to the unpopular Mexican government for $35 a head while Langdon is leading a contingent of displaced southerners, who are looking for a new life in Mexico after losing their property to carpetbaggers. The two men are eventually forced to mend their differences in order to fight off both bandits and revolutionaries, as they try to lead their friends and kin to safety.",Across 2000 Miles Of Savage Wasteland... They Lived A Thundering Adventure That Rocked Two Nations!
The War Wagon,1967,Burt Kennedy,27277,tt0062472,The-War-Wagon(1967){tmdb-27277}.mp4,"An ex-con seeks revenge on the man who put him in prison by planning a robbery of the latter's stagecoach, which is transporting gold. He enlists the help of a partner, who could be working for his nemesis.",The War Wagon Rolls And The Screen Explodes!
The Way West,1967,Andrew V. McLaglen,42703,tt0062479,The-Way-West(1967){tmdb-42703}.mp4,"In the mid-19th century, Senator William J. Tadlock leads a group of settlers overland in a quest to start a new settlement in the Western US. Tadlock is a highly principled and demanding taskmaster who is as hard on himself as he is on those who have joined his wagon train. He clashes with one of the new settlers, Lije Evans, who doesn't quite appreciate Tadlock's ways. Along the way, the families must face death and heartbreak and a sampling of frontier justice when one of them accidentally kills a young Indian boy.",Cracking Like a Whip From Here to Excitement!
The Wild Bunch,1969,Sam Peckinpah,576,tt0065214,The-Wild-Bunch(1969){tmdb-576}.mp4,"An aging group of outlaws look for one last big score as the ""traditional"" American West is disappearing around them.",Unchanged men in a changing land
The Wonderful Country,1959,Robert Parrish,6610,tt0053453,The-Wonderful-Country(1959){tmdb-6610}.mp4,"Having fled to Mexico from the U.S. many years ago for killing his father's murderer, Martin Brady travels to Texas to broker an arms deal for his Mexican boss, strongman Governor Cipriano Castro. Brady breaks a leg and while recuperating in Texas the gun shipment is stolen. Complicating matters further the wife of local army major Colton has designs on him, and the local Texas Ranger captain makes him a generous offer to come back to the states and join his outfit. After killing a man in self-defense, Brady slips back over the border and confronts Castro who is not only unhappy that Brady has lost his gun shipment but is about to join forces with Colton to battle the local raiding Apache Indians.",A Face...A Man...A Motion Picture as Proud and Violent as Tom Lea's Bold and Powerful Novel!
The World To Come,2020,Mona Fastvold,506281,tt9738716,The-World-To-Come(2020){tmdb-506281}.mp4,"In 1856, two women forge a close connection despite their isolation on the American frontier.",
Tombstone,1993,George P. Cosmatos,11969,tt0108358,Tombstone(1993){tmdb-11969}.mkv,"Legendary marshal Wyatt Earp, now a weary gunfighter, joins his brothers Morgan and Virgil to pursue their collective fortune in the thriving mining town of Tombstone. But Earp is forced to don a badge again and get help from his notorious pal Doc Holliday when a gang of renegade brigands and rustlers begins terrorizing the town.",Every town has a story. Tombstone has a legend.
Track of the Cat,1954,William A. Wellman,86608,tt0047603,Track-of-the-Cat(1954){tmdb-86608}.mp4,"A family saga: In a stunning mountain valley ranch setting near Aspen, complex and dangerous family dynamics play out against the backdrop of the first big snowstorm of winter and an enormous panther with seemingly mythical qualities which is killing cattle.","A love story of real, raw, runaway emotions!"
True Grit,1969,Henry Hathaway,17529,tt0065126,True-Grit(1969){tmdb-17529}.mp4,"The murder of her father sends a teenage tomboy on a mission of 'justice', which involves avenging her father's death. She recruits a tough old marshal, 'Rooster' Cogburn because he has 'true grit', and a reputation of getting the job done.",The strangest trio ever to track a killer.
True Grit,2010,Joel Coen,44264,tt1403865,True-Grit(2010){tmdb-44264}.mp4,"Following the murder of her father by a hired hand, a 14-year-old farm girl sets out to capture the killer. To aid her, she hires the toughest U.S. Marshal she can find—a man with 'true grit'—Reuben J. 'Rooster' Cogburn.",Punishment comes one way or another.
Two Mules For Sister Sara,1970,Don Siegel,11916,tt0065134,Two-Mules-For-Sister-Sara(1970){tmdb-11916}.mp4,"When a wandering mercenary named Hogan rescues a nun called Sister Sara from the unwanted attentions of a band of rogues on the Mexican plains, he has no idea what he has let himself in for. Their chance encounter results in the blowing up of a train and a French garrison, as well as igniting a spark between them that survives a shocking discovery.",CLINT EASTWOOD...the deadliest man alive...takes on a whole army with two guns and a fistful of dynamite!
Unforgiven,1992,Clint Eastwood,33,tt0105695,Unforgiven(1992){tmdb-33}.mkv,"William Munny is a retired, once-ruthless killer turned gentle widower and hog farmer. To help support his two motherless children, he accepts one last bounty-hunter mission to find the men who brutalized a prostitute. Joined by his former partner and a cocky greenhorn, he takes on a corrupt sheriff.",Some legends will never be forgotten. Some wrongs can never be forgiven.
Vampires,1998,John Carpenter,9945,tt0120877,Vampires(1998){tmdb-9945}.mkv,The church enlists a team of vampire-hunters to hunt down and destroy a group of vampires searching for an ancient relic that will allow them to exist in sunlight.,Prepare for the dawn.
Villa Rides,1968,Buzz Kulik,48564,tt0063775,Villa-Rides(1968){tmdb-48564}.mp4,"Pulled into the Mexican Revolution by his own greed, Texas gunrunner and pilot Lee Arnold joins bandit-turned-patriot Pancho Villa and his band of dedicated men in a march across Mexico battling the Colorados and stealing women's hearts as they go. But each has a nemesis among his friends: Arnold is tormented by Fierro, Villa's right-hand-man; and Villa must face possible betrayal by his own president's naiveté",Villa rages! Villa lusts! Villa kills! VILLA RIDES!
Walker,1987,Alex Cox,28448,tt0096409,Walker(1987){tmdb-28448}.mp4,William Walker and his mercenary corps enter Nicaragua in the middle of the 19th century in order to install a new government by a coup d'etat.,Before Rambo... Before Oliver North...
War Arrow,1954,George Sherman,60551,tt0046532,War-Arrow(1954){tmdb-60551}.mp4,"A thrilling Cavalry-versus-Indians adventure starring Jeff Chandler as an Army official recruiting Seminole allies, against his superior's wishes, to stop a planned Kiowa attack.",Indian tomahawk and cavalry saber fighting side-by-side for the glory of the West!
Warlock,1959,Edward Dmytryk,37412,tt0053434,Warlock(1959){tmdb-37412}.mkv,"A band of murderous cowboys has imposed a reign of terror on the town of Warlock. With the sheriff humiliatingly run out of town, the residents hire the services of Clay Blaisedell as de facto town marshal. He arrives along with his friend, Tom Morgan, and sets about restoring law and order on his own terms whilst also overseeing the establishment of a gambling house and saloon.",Wherever you've been ... Whatever you've seen ... You've never run into anything like Warlock.
Western Union,1941,Fritz Lang,43804,tt0034384,Western-Union(1941){tmdb-43804}.mp4,"When Edward Creighton leads the construction of the Western Union to unite East with West, he hires a Western reformed outlaw and a tenderfoot Eastern surveyor.  Preserved by the Academy Film Archive in partnership with Twentieth Century Fox Film Corporation in 2000.",A 20th Century-Fox Encore Hit !
Westworld,1973,Michael Crichton,2362,tt0070909,Westworld(1973){tmdb-2362}.mkv,"Delos is a futuristic amusement park that features themed worlds populated by human-like androids. After two patrons have a run-in with a menacing gunslinger in West World, the androids at Delos all begin to malfunction, causing havoc throughout the park.","Boy, have we got a vacation for you..."
Winchester 73,1950,Anthony Mann,14551,tt0043137,Winchester-73(1950){tmdb-14551}.mp4,"Lin McAdam rides into town on the trail of Dutch Henry Brown, only to find himself in a shooting competition against him. McAdam wins the prize, a one-in-a-thousand Winchester rifle, but Dutch steals it and leaves town. McAdam follows, intent on settling his old quarrel, while the rifle keeps changing hands and touching a number of lives.",The Gun That Won The West!
Wind From The East,1970,Jean-Luc Godard,113629,tt0065173,Wind-From-The-East(1970){tmdb-113629}.mp4,A politically oriented film in which images suggestive of a mock western are accompanied by an attack on all cinematic conventions to date and a debate on the nature and possibility of revolutionary cinema.,“WARNING TO MILITANTS: WATCH OUT. REFLECT. BE EARLY. BE LATE. THINK! MANUFACTURE. SIMPLIFY. BUILD. WAIT. .
Young Billy Young,1969,Burt Kennedy,39295,tt0065230,Young-Billy-Young(1969){tmdb-39295}.mp4,"A peace-loving man named Ben Kane takes a job as deputy marshal of Lords, in the old West. Kane is no lawman, but he accepts the badge because he has an old score to settle with the town's chief trouble-maker. Once on the job, Kane must also deal with a young sharpshooter named Billy Young and a sharp and sassy saloon dancer, Lily.",Billy better learn fast... or die young!
Young Guns,1988,Christopher Cain,11967,tt0096487,Young-Guns(1988){tmdb-11967}.mp4,"A group of young gunmen, led by Billy the Kid, become deputies to avenge the murder of the rancher who became their benefactor. But when Billy takes their authority too far, they become the hunted.",Six reasons why the west was wild.
Zandys Bride,1974,Jan Troell,96337,tt0072435,Zandys-Bride(1974){tmdb-96337}.mp4,"Zandy Allan purchases a mail-order bride, Hannah Lund. He treats her as a possession, without respect or humanity, until their shared ordeal as they struggle to survive develops in him a growing love.",More Like a War Than a Marriage
