Ignore,Scene,Start,End,Shot_Caption,Scene_Caption
Yes,0,00:00:00.205,00:00:24.528,,
Yes,0,00:00:24.938,00:00:32.036,,
Yes,0,00:00:32.446,00:00:56.060,,
Yes,0,00:00:56.470,00:01:22.086,,
Yes,0,00:01:22.496,00:02:07.464,,
Yes,0,00:02:07.874,00:02:37.828,,
No,0,00:02:38.238,00:02:53.385,,
No,0,00:02:53.795,00:03:00.809,,
No,0,00:03:01.219,00:03:14.031,,
No,0,00:03:14.441,00:03:25.292,,
No,0,00:03:25.702,00:03:31.965,,
No,0,00:03:32.375,00:03:44.186,,
No,0,00:03:44.596,00:03:58.075,,
No,0,00:03:58.485,00:04:02.454,,
No,0,00:04:02.864,00:04:12.464,,
No,0,00:04:12.874,00:04:15.800,,
No,0,00:04:16.210,00:04:19.555,,
No,0,00:04:19.965,00:04:23.267,,
No,0,00:04:23.677,00:04:32.609,,
No,0,00:04:33.019,00:04:35.737,,
No,0,00:04:36.147,00:04:38.365,,
No,0,00:04:38.775,00:04:41.702,,
No,0,00:04:42.112,00:04:44.663,,
No,0,00:04:45.073,00:04:51.420,,
No,0,00:04:51.830,00:04:56.174,,
No,0,00:04:56.584,00:04:59.511,,
No,0,00:04:59.921,00:05:18.613,,
No,0,00:05:19.023,00:05:24.161,,
No,0,00:05:24.571,00:05:31.543,,
No,0,00:05:31.953,00:05:39.718,,
No,0,00:05:40.128,00:05:41.762,,
No,0,00:05:42.172,00:05:47.309,,
No,0,00:05:47.719,00:05:52.439,,
No,0,00:05:52.849,00:05:58.320,,
No,0,00:05:58.730,00:06:01.365,,
No,0,00:06:01.775,00:06:03.700,,
No,0,00:06:04.110,00:06:09.706,,
No,0,00:06:10.116,00:06:13.502,,
No,0,00:06:13.912,00:06:17.464,,
No,0,00:06:17.874,00:06:20.801,,
No,0,00:06:21.211,00:06:26.765,,
No,0,00:06:27.175,00:06:37.150,,
No,0,00:06:37.560,00:06:39.861,,
No,0,00:06:40.271,00:06:46.910,,
No,0,00:06:47.320,00:06:49.121,,
No,0,00:06:49.531,00:06:53.208,,
No,0,00:06:53.618,00:06:58.505,,
No,0,00:06:58.915,00:06:59.923,,
No,0,00:07:00.333,00:07:02.926,,
No,0,00:07:03.336,00:07:07.389,,
No,0,00:07:07.799,00:07:10.267,,
No,0,00:07:10.677,00:07:21.069,,
No,0,00:07:21.479,00:07:30.454,,
No,0,00:07:30.864,00:07:33.498,,
No,0,00:07:33.908,00:07:34.833,,
No,0,00:07:35.243,00:07:36.209,,
No,0,00:07:36.619,00:07:43.508,,
No,0,00:07:43.918,00:07:47.846,,
No,0,00:07:48.256,00:07:51.308,,
No,0,00:07:51.718,00:08:02.152,,
No,0,00:08:02.562,00:08:05.238,,
No,0,00:08:05.648,00:08:07.032,,
No,0,00:08:07.442,00:08:14.831,,
No,0,00:08:15.241,00:08:17.417,,
No,0,00:08:17.827,00:08:39.022,,
No,0,00:08:39.432,00:08:50.534,,
No,0,00:08:50.944,00:08:53.161,,
No,0,00:08:53.571,00:08:56.623,,
No,0,00:08:57.033,00:09:02.671,,
No,0,00:09:03.081,00:09:11.221,,
No,0,00:09:11.631,00:09:17.811,,
No,0,00:09:18.221,00:09:49.217,,
No,0,00:09:49.627,00:09:52.304,,
No,0,00:09:52.714,00:09:54.347,,
No,0,00:09:54.757,00:09:59.102,,
No,0,00:09:59.512,00:10:03.607,,
No,0,00:10:04.017,00:10:07.861,,
No,0,00:10:08.271,00:10:09.946,,
No,0,00:10:10.356,00:10:12.157,,
No,0,00:10:12.567,00:10:17.078,,
No,0,00:10:17.488,00:10:28.298,,
No,0,00:10:28.708,00:10:37.766,,
No,0,00:10:38.176,00:10:40.852,,
No,0,00:10:41.262,00:10:49.027,,
No,0,00:10:49.437,00:10:56.159,,
No,0,00:10:56.569,00:10:59.913,,
No,0,00:11:00.323,00:11:10.006,,
No,0,00:11:10.416,00:11:14.135,,
No,0,00:11:14.545,00:11:19.808,,
No,0,00:11:20.218,00:11:23.103,,
No,0,00:11:23.513,00:11:25.271,,
No,0,00:11:25.681,00:11:27.691,,
No,0,00:11:28.101,00:11:31.152,,
No,0,00:11:31.562,00:11:41.538,,
No,0,00:11:41.948,00:11:46.751,,
No,0,00:11:47.161,00:11:50.171,,
No,0,00:11:50.581,00:11:53.883,,
No,0,00:11:54.293,00:11:55.510,,
No,0,00:11:55.920,00:11:59.848,,
No,0,00:12:00.258,00:12:01.891,,
No,0,00:12:02.301,00:12:05.854,,
No,0,00:12:06.264,00:12:30.170,,
No,0,00:12:30.580,00:12:40.388,,
No,0,00:12:40.798,00:12:47.979,,
No,0,00:12:48.389,00:13:09.250,,
No,0,00:13:09.660,00:13:17.217,,
No,0,00:13:17.627,00:13:23.223,,
No,0,00:13:23.633,00:13:24.474,,
No,0,00:13:24.884,00:13:26.851,,
No,0,00:13:27.261,00:13:28.311,,
No,0,00:13:28.721,00:13:33.358,,
No,0,00:13:33.768,00:13:34.692,,
No,0,00:13:35.102,00:13:36.027,,
No,0,00:13:36.437,00:13:37.320,,
No,0,00:13:37.730,00:13:44.536,,
No,0,00:13:44.946,00:13:55.380,,
No,0,00:13:55.790,00:13:58.174,,
No,0,00:13:58.584,00:13:58.800,,
No,0,00:13:59.210,00:14:02.053,,
No,0,00:14:02.463,00:14:05.098,,
No,0,00:14:05.508,00:14:06.724,,
No,0,00:14:07.134,00:14:08.601,,
No,0,00:14:09.011,00:14:09.978,,
No,0,00:14:10.388,00:14:18.528,,
No,0,00:14:18.938,00:14:23.032,,
No,0,00:14:23.442,00:14:29.622,,
No,0,00:14:30.032,00:14:32.917,,
No,0,00:14:33.327,00:14:34.835,,
No,0,00:14:35.245,00:14:37.797,,
No,0,00:14:38.207,00:14:39.591,,
No,0,00:14:40.001,00:14:52.186,,
No,0,00:14:52.596,00:14:57.233,,
No,0,00:14:57.643,00:14:58.234,,
No,0,00:14:58.644,00:15:02.530,,
No,0,00:15:02.940,00:15:07.160,,
No,0,00:15:07.570,00:15:09.287,,
No,0,00:15:09.697,00:15:12.457,,
No,0,00:15:12.867,00:15:13.333,,
No,0,00:15:13.743,00:15:14.500,,
No,0,00:15:14.910,00:15:20.798,,
No,0,00:15:21.208,00:15:28.681,,
No,0,00:15:29.091,00:15:30.934,,
No,0,00:15:31.344,00:15:32.936,,
No,0,00:15:33.346,00:15:36.981,,
No,0,00:15:37.391,00:15:44.614,,
No,0,00:15:45.024,00:15:47.992,,
No,0,00:15:48.402,00:15:50.536,,
No,0,00:15:50.946,00:15:53.873,,
No,0,00:15:54.283,00:15:55.625,,
No,0,00:15:56.035,00:15:57.335,,
No,0,00:15:57.745,00:16:30.410,,
No,0,00:16:30.820,00:16:33.037,,
No,0,00:16:33.447,00:16:45.842,,
No,0,00:16:46.252,00:16:47.844,,
No,0,00:16:48.254,00:16:51.889,,
No,0,00:16:52.299,00:16:56.394,,
No,0,00:16:56.804,00:16:59.731,,
No,0,00:17:00.141,00:17:12.076,,
No,0,00:17:12.486,00:17:21.502,,
No,0,00:17:21.912,00:17:25.590,,
No,0,00:17:26.000,00:17:30.094,,
No,0,00:17:30.504,00:17:34.599,,
No,0,00:17:35.009,00:17:40.813,,
No,0,00:17:41.223,00:17:42.982,,
No,0,00:17:43.392,00:17:46.319,,
No,0,00:17:46.729,00:17:48.321,,
No,0,00:17:48.731,00:17:56.871,,
No,0,00:17:57.281,00:18:00.833,,
No,0,00:18:01.243,00:18:03.711,,
No,0,00:18:04.121,00:18:17.225,,
No,0,00:18:17.635,00:18:39.539,,
No,0,00:18:39.949,00:18:42.458,,
No,0,00:18:42.868,00:18:57.890,,
No,0,00:18:58.300,00:18:59.559,,
No,0,00:18:59.969,00:19:01.227,,
No,0,00:19:01.637,00:19:04.230,,
No,0,00:19:04.640,00:19:13.698,,
No,0,00:19:14.108,00:19:15.533,,
No,0,00:19:15.943,00:19:35.845,,
No,0,00:19:36.255,00:19:43.936,,
No,0,00:19:44.346,00:19:45.688,,
No,0,00:19:46.098,00:19:48.524,,
No,0,00:19:48.934,00:19:54.322,,
No,0,00:19:54.732,00:20:02.580,,
No,0,00:20:02.990,00:20:04.498,,
No,0,00:20:04.908,00:20:20.890,,
No,0,00:20:21.300,00:20:23.476,,
No,0,00:20:23.886,00:20:24.644,,
No,0,00:20:25.054,00:20:32.235,,
No,0,00:20:32.645,00:20:40.284,,
No,0,00:20:40.694,00:20:42.536,,
No,0,00:20:42.946,00:20:46.707,,
No,0,00:20:47.117,00:20:48.918,,
No,0,00:20:49.328,00:20:50.461,,
No,0,00:20:50.871,00:21:03.182,,
No,0,00:21:03.592,00:21:10.481,,
No,0,00:21:10.891,00:21:12.608,,
No,0,00:21:13.018,00:21:15.528,,
No,0,00:21:15.938,00:21:19.991,,
No,0,00:21:20.401,00:21:43.931,,
No,0,00:21:44.341,00:21:45.599,,
No,0,00:21:46.009,00:21:47.852,,
No,0,00:21:48.262,00:21:50.271,,
No,0,00:21:50.681,00:22:02.408,,
No,0,00:22:02.818,00:22:34.398,,
No,0,00:22:34.808,00:23:39.296,,
No,0,00:23:39.706,00:23:43.968,,
No,0,00:23:44.378,00:24:08.117,,
No,0,00:24:08.527,00:24:09.702,,
No,0,00:24:10.112,00:24:12.246,,
No,0,00:24:12.656,00:24:14.748,,
No,0,00:24:15.158,00:24:23.883,,
No,0,00:24:24.293,00:24:26.552,,
No,0,00:24:26.962,00:24:29.472,,
No,0,00:24:29.882,00:24:31.724,,
No,0,00:24:32.134,00:24:34.185,,
No,0,00:24:34.595,00:24:37.229,,
No,0,00:24:37.639,00:24:45.070,,
No,0,00:24:45.480,00:24:49.950,,
No,0,00:24:50.360,00:24:56.916,,
No,0,00:24:57.326,00:25:00.044,,
No,0,00:25:00.454,00:25:15.976,,
No,0,00:25:16.386,00:25:26.695,,
No,0,00:25:27.105,00:25:30.074,,
No,0,00:25:30.484,00:25:31.492,,
No,0,00:25:31.902,00:25:34.870,,
No,0,00:25:35.280,00:25:36.872,,
No,0,00:25:37.282,00:25:38.499,,
No,0,00:25:38.909,00:25:40.793,,
No,0,00:25:41.203,00:25:42.753,,
No,0,00:25:43.163,00:25:46.507,,
No,0,00:25:46.917,00:25:48.217,,
No,0,00:25:48.627,00:25:50.636,,
No,0,00:25:51.046,00:25:52.304,,
No,0,00:25:52.714,00:25:54.974,,
No,0,00:25:55.384,00:25:57.810,,
No,0,00:25:58.220,00:25:59.853,,
No,0,00:26:00.263,00:26:01.772,,
No,0,00:26:02.182,00:26:04.567,,
No,0,00:26:04.977,00:26:10.614,,
No,0,00:26:11.024,00:26:22.459,,
No,0,00:26:22.869,00:26:30.467,,
No,0,00:26:30.877,00:26:41.937,,
No,0,00:26:42.347,00:26:43.647,,
No,0,00:26:44.057,00:26:45.399,,
No,0,00:26:45.809,00:26:50.237,,
No,0,00:26:50.647,00:26:58.037,,
No,0,00:26:58.447,00:27:18.098,,
No,0,00:27:18.508,00:27:18.766,,
No,0,00:27:19.176,00:27:24.229,,
No,0,00:27:24.639,00:27:28.192,,
No,0,00:27:28.602,00:27:29.943,,
No,0,00:27:30.353,00:27:34.698,,
No,0,00:27:35.108,00:27:36.617,,
No,0,00:27:37.027,00:27:40.245,,
No,0,00:27:40.655,00:28:18.367,,
No,0,00:28:18.777,00:28:23.997,,
No,0,00:28:24.407,00:28:26.500,,
No,0,00:28:26.910,00:28:28.502,,
No,0,00:28:28.912,00:28:31.046,,
No,0,00:28:31.456,00:28:33.674,,
No,0,00:28:34.084,00:28:49.732,,
No,0,00:28:50.142,00:29:05.205,,
No,0,00:29:05.615,00:29:08.751,,
No,0,00:29:09.161,00:29:11.754,,
No,0,00:29:12.164,00:29:14.339,,
No,0,00:29:14.749,00:29:16.550,,
No,0,00:29:16.960,00:29:32.024,,
No,0,00:29:32.434,00:29:48.749,,
No,0,00:29:49.159,00:29:53.128,,
No,0,00:29:53.538,00:29:58.634,,
No,0,00:29:59.044,00:30:03.680,,
No,0,00:30:04.090,00:30:19.530,,
No,0,00:30:19.940,00:30:38.590,,
No,0,00:30:39.000,00:30:51.770,,
No,0,00:30:52.180,00:30:57.109,,
No,0,00:30:57.519,00:31:04.741,,
No,0,00:31:05.151,00:31:08.537,,
No,0,00:31:08.947,00:31:10.330,,
No,0,00:31:10.740,00:31:35.772,,
No,0,00:31:36.182,00:31:37.566,,
No,0,00:31:37.976,00:31:50.537,,
No,0,00:31:50.947,00:31:55.500,,
No,0,00:31:55.910,00:32:26.865,,
No,0,00:32:27.275,00:32:31.161,,
No,0,00:32:31.571,00:32:37.709,,
No,0,00:32:38.119,00:32:47.844,,
No,0,00:32:48.254,00:32:53.725,,
No,0,00:32:54.135,00:32:57.396,,
No,0,00:32:57.806,00:33:01.400,,
No,0,00:33:01.810,00:33:06.488,,
No,0,00:33:06.898,00:33:10.784,,
No,0,00:33:11.194,00:33:17.708,,
No,0,00:33:18.118,00:33:26.133,,
No,0,00:33:26.543,00:33:28.051,,
No,0,00:33:28.461,00:33:31.263,,
No,0,00:33:31.673,00:33:33.348,,
No,0,00:33:33.758,00:33:35.892,,
No,0,00:33:36.302,00:33:38.353,,
No,0,00:33:38.763,00:33:42.774,,
No,0,00:33:43.184,00:33:44.484,,
No,0,00:33:44.894,00:33:51.491,,
No,0,00:33:51.901,00:33:56.038,,
No,0,00:33:56.448,00:34:00.042,,
No,0,00:34:00.452,00:34:11.302,,
No,0,00:34:11.712,00:34:16.058,,
No,0,00:34:16.468,00:34:25.733,,
No,0,00:34:26.143,00:34:28.110,,
No,0,00:34:28.520,00:34:33.784,,
No,0,00:34:34.194,00:34:36.119,,
No,0,00:34:36.529,00:34:41.458,,
No,0,00:34:41.868,00:34:46.797,,
No,0,00:34:47.207,00:35:01.186,,
No,0,00:35:01.596,00:35:10.904,,
No,0,00:35:11.314,00:35:11.863,,
No,0,00:35:12.273,00:35:14.241,,
No,0,00:35:14.651,00:35:19.579,,
No,0,00:35:19.989,00:35:20.872,,
No,0,00:35:21.282,00:35:23.208,,
No,0,00:35:23.618,00:35:29.965,,
No,0,00:35:30.375,00:35:49.568,,
No,0,00:35:49.978,00:36:03.165,,
No,0,00:36:03.575,00:36:04.791,,
No,0,00:36:05.201,00:36:10.714,,
No,0,00:36:11.124,00:36:13.425,,
No,0,00:36:13.835,00:36:18.847,,
No,0,00:36:19.257,00:36:21.099,,
No,0,00:36:21.509,00:36:25.228,,
No,0,00:36:25.638,00:36:27.689,,
No,0,00:36:28.099,00:36:29.191,,
No,0,00:36:29.601,00:36:38.825,,
No,0,00:36:39.235,00:36:41.995,,
No,0,00:36:42.405,00:36:43.830,,
No,0,00:36:44.240,00:36:45.457,,
No,0,00:36:45.867,00:36:50.045,,
No,0,00:36:50.455,00:36:52.380,,
No,0,00:36:52.790,00:36:59.679,,
No,0,00:37:00.089,00:37:02.182,,
No,0,00:37:02.592,00:37:05.060,,
No,0,00:37:05.470,00:37:16.279,,
No,0,00:37:16.689,00:37:18.240,,
No,0,00:37:18.650,00:37:21.159,,
No,0,00:37:21.569,00:37:22.535,,
No,0,00:37:22.945,00:37:27.332,,
No,0,00:37:27.742,00:37:30.418,,
No,0,00:37:30.828,00:37:31.920,,
No,0,00:37:32.330,00:37:41.388,,
No,0,00:37:41.798,00:37:48.979,,
No,0,00:37:49.389,00:37:50.188,,
No,0,00:37:50.598,00:37:54.150,,
No,0,00:37:54.560,00:37:56.653,,
No,0,00:37:57.063,00:38:10.917,,
No,0,00:38:11.327,00:38:12.836,,
No,0,00:38:13.246,00:38:18.758,,
No,0,00:38:19.168,00:38:21.219,,
No,0,00:38:21.629,00:38:24.556,,
No,0,00:38:24.966,00:38:29.936,,
No,0,00:38:30.346,00:38:33.356,,
No,0,00:38:33.766,00:38:40.030,,
No,0,00:38:40.440,00:38:44.159,,
No,0,00:38:44.569,00:38:45.243,,
No,0,00:38:45.653,00:38:48.330,,
No,0,00:38:48.740,00:38:50.957,,
No,0,00:38:51.367,00:38:52.917,,
No,0,00:38:53.327,00:38:55.587,,
No,0,00:38:55.997,00:38:56.921,,
No,0,00:38:57.331,00:38:59.215,,
No,0,00:38:59.625,00:39:00.342,,
No,0,00:39:00.752,00:39:03.595,,
No,0,00:39:04.005,00:39:05.638,,
No,0,00:39:06.048,00:39:08.433,,
No,0,00:39:08.843,00:39:10.644,,
No,0,00:39:11.054,00:39:12.646,,
No,0,00:39:13.056,00:39:15.357,,
No,0,00:39:15.767,00:39:19.778,,
No,0,00:39:20.188,00:39:30.246,,
No,0,00:39:30.656,00:39:32.874,,
No,0,00:39:33.284,00:39:47.931,,
No,0,00:39:48.341,00:39:56.689,,
No,0,00:39:57.099,00:40:01.528,,
No,0,00:40:01.938,00:40:04.864,,
No,0,00:40:05.274,00:40:05.865,,
No,0,00:40:06.275,00:40:17.252,,
No,0,00:40:17.662,00:40:20.672,,
No,0,00:40:21.082,00:40:24.050,,
No,0,00:40:24.460,00:40:26.719,,
No,0,00:40:27.129,00:40:30.390,,
No,0,00:40:30.800,00:40:33.726,,
No,0,00:40:34.136,00:40:34.811,,
No,0,00:40:35.221,00:40:35.854,,
No,0,00:40:36.264,00:40:39.399,,
No,0,00:40:39.809,00:40:42.026,,
No,0,00:40:42.436,00:40:50.285,,
No,0,00:40:50.695,00:40:54.664,,
No,0,00:40:55.074,00:41:04.966,,
No,0,00:41:05.376,00:41:10.680,,
No,0,00:41:11.090,00:42:17.163,,
No,0,00:42:17.573,00:42:21.876,,
No,0,00:42:22.286,00:42:23.920,,
No,0,00:42:24.330,00:42:25.046,,
No,0,00:42:25.456,00:42:27.215,,
No,0,00:42:27.625,00:42:29.175,,
No,0,00:42:29.585,00:42:31.761,,
No,0,00:42:32.171,00:42:33.179,,
No,0,00:42:33.589,00:42:35.306,,
No,0,00:42:35.716,00:42:38.017,,
No,0,00:42:38.427,00:42:59.289,,
No,0,00:42:59.699,00:43:01.124,,
No,0,00:43:01.534,00:43:02.500,,
No,0,00:43:02.910,00:43:05.003,,
No,0,00:43:05.413,00:43:09.257,,
No,0,00:43:09.667,00:43:15.263,,
No,0,00:43:15.673,00:43:17.348,,
No,0,00:43:17.758,00:43:21.644,,
No,0,00:43:22.054,00:43:26.357,,
No,0,00:43:26.767,00:43:31.404,,
No,0,00:43:31.814,00:43:33.031,,
No,0,00:43:33.441,00:43:35.033,,
No,0,00:43:35.443,00:43:37.368,,
No,0,00:43:37.778,00:43:41.164,,
No,0,00:43:41.574,00:43:53.176,,
No,0,00:43:53.586,00:43:55.178,,
No,0,00:43:55.588,00:44:01.309,,
No,0,00:44:01.719,00:44:07.815,,
No,0,00:44:08.225,00:44:09.150,,
No,0,00:44:09.560,00:44:10.485,,
No,0,00:44:10.895,00:44:12.654,,
No,0,00:44:13.064,00:44:16.199,,
No,0,00:44:16.609,00:44:21.454,,
No,0,00:44:21.864,00:44:23.706,,
No,0,00:44:24.116,00:44:35.718,,
No,0,00:44:36.128,00:44:43.017,,
No,0,00:44:43.427,00:44:45.353,,
No,0,00:44:45.763,00:45:00.618,,
No,0,00:45:01.028,00:45:02.662,,
No,0,00:45:03.072,00:45:05.415,,
No,0,00:45:05.825,00:45:30.732,,
No,0,00:45:31.142,00:45:36.279,,
No,0,00:45:36.689,00:45:38.364,,
No,0,00:45:38.774,00:45:42.493,,
No,0,00:45:42.903,00:45:54.005,,
No,0,00:45:54.415,00:45:58.217,,
No,0,00:45:58.627,00:46:25.661,,
No,0,00:46:26.071,00:46:40.218,,
No,0,00:46:40.628,00:46:45.932,,
No,0,00:46:46.342,00:46:48.309,,
No,0,00:46:48.719,00:46:52.855,,
No,0,00:46:53.265,00:46:56.526,,
No,0,00:46:56.936,00:47:01.155,,
No,0,00:47:01.565,00:47:23.636,,
No,0,00:47:24.046,00:47:25.555,,
No,0,00:47:25.965,00:47:36.023,,
No,0,00:47:36.433,00:47:38.776,,
No,0,00:47:39.186,00:47:43.781,,
No,0,00:47:44.191,00:47:46.659,,
No,0,00:47:47.069,00:47:56.002,,
No,0,00:47:56.412,00:48:01.674,,
No,0,00:48:02.084,00:48:27.116,,
No,0,00:48:27.526,00:48:29.952,,
No,0,00:48:30.362,00:48:40.880,,
No,0,00:48:41.290,00:49:00.900,,
No,0,00:49:01.310,00:49:04.403,,
No,0,00:49:04.813,00:49:11.327,,
No,0,00:49:11.737,00:49:14.872,,
No,0,00:49:15.282,00:49:37.561,,
No,0,00:49:37.971,00:49:59.667,,
No,0,00:50:00.077,00:50:05.548,,
No,0,00:50:05.958,00:50:11.429,,
No,0,00:50:11.839,00:50:41.625,,
No,0,00:50:42.035,00:51:01.937,,
No,0,00:51:02.347,00:51:03.272,,
No,0,00:51:03.682,00:51:15.868,,
No,0,00:51:16.278,00:51:39.225,,
No,0,00:51:39.635,00:51:43.437,,
No,0,00:51:43.847,00:51:45.272,,
No,0,00:51:45.682,00:51:51.946,,
No,0,00:51:52.356,00:51:57.952,,
No,0,00:51:58.362,00:52:19.557,,
No,0,00:52:19.967,00:53:01.307,,
No,0,00:53:01.717,00:53:04.894,,
No,0,00:53:05.304,00:53:07.688,,
No,0,00:53:08.098,00:53:09.440,,
No,0,00:53:09.850,00:53:12.443,,
No,0,00:53:12.853,00:53:17.990,,
No,0,00:53:18.400,00:53:20.242,,
No,0,00:53:20.652,00:53:23.621,,
No,0,00:53:24.031,00:53:26.790,,
No,0,00:53:27.200,00:53:29.335,,
No,0,00:53:29.745,00:53:30.920,,
No,0,00:53:31.330,00:53:31.962,,
No,0,00:53:32.372,00:53:38.761,,
No,0,00:53:39.171,00:53:43.599,,
No,0,00:53:44.009,00:53:46.769,,
No,0,00:53:47.179,00:53:49.813,,
No,0,00:53:50.223,00:53:52.483,,
No,0,00:53:52.893,00:53:56.570,,
No,0,00:53:56.980,00:54:01.200,,
No,0,00:54:01.610,00:54:07.623,,
No,0,00:54:08.033,00:54:16.048,,
No,0,00:54:16.458,00:54:21.553,,
No,0,00:54:21.963,00:54:24.640,,
No,0,00:54:25.050,00:54:41.323,,
No,0,00:54:41.733,00:54:44.326,,
No,0,00:54:44.736,00:54:46.912,,
No,0,00:54:47.322,00:54:50.374,,
No,0,00:54:50.784,00:54:54.545,,
No,0,00:54:54.955,00:54:57.673,,
No,0,00:54:58.083,00:55:01.010,,
No,0,00:55:01.420,00:55:03.137,,
No,0,00:55:03.547,00:55:10.436,,
No,0,00:55:10.846,00:55:17.985,,
No,0,00:55:18.395,00:55:20.070,,
No,0,00:55:20.480,00:55:25.617,,
No,0,00:55:26.027,00:55:33.083,,
No,0,00:55:33.493,00:55:44.511,,
No,0,00:55:44.921,00:55:49.099,,
No,0,00:55:49.509,00:56:06.283,,
No,0,00:56:06.693,00:56:15.334,,
No,0,00:56:15.744,00:56:16.668,,
No,0,00:56:17.078,00:56:33.852,,
No,0,00:56:34.262,00:56:37.940,,
No,0,00:56:38.350,00:56:40.317,,
No,0,00:56:40.727,00:56:51.453,,
No,0,00:56:51.863,00:56:53.789,,
No,0,00:56:54.199,00:57:05.050,,
No,0,00:57:05.460,00:57:18.814,,
No,0,00:57:19.224,00:57:24.820,,
No,0,00:57:25.230,00:57:56.477,,
No,0,00:57:56.887,00:58:01.607,,
No,0,00:58:02.017,00:58:04.943,,
No,0,00:58:05.353,00:58:09.740,,
No,0,00:58:10.150,00:58:12.534,,
No,0,00:58:12.944,00:58:19.166,,
No,0,00:58:19.576,00:58:25.130,,
No,0,00:58:25.540,00:58:39.394,,
No,0,00:58:39.804,00:58:43.524,,
No,0,00:58:43.934,00:58:56.578,,
No,0,00:58:56.988,00:58:58.455,,
No,0,00:58:58.865,00:59:00.541,,
No,0,00:59:00.951,00:59:13.053,,
No,0,00:59:13.463,00:59:19.101,,
No,0,00:59:19.511,00:59:21.186,,
No,0,00:59:21.596,00:59:25.899,,
No,0,00:59:26.309,00:59:41.873,,
No,0,00:59:42.283,00:59:52.175,,
No,0,00:59:52.585,00:59:55.012,,
No,0,00:59:55.422,00:59:59.182,,
No,0,00:59:59.592,01:00:13.614,,
No,0,01:00:14.024,01:00:16.283,,
No,0,01:00:16.693,01:00:19.911,,
No,0,01:00:20.321,01:00:21.580,,
No,0,01:00:21.990,01:00:23.582,,
No,0,01:00:23.992,01:00:27.169,,
No,0,01:00:27.579,01:00:28.545,,
No,0,01:00:28.955,01:00:30.088,,
No,0,01:00:30.498,01:00:30.756,,
No,0,01:00:31.166,01:00:31.298,,
No,0,01:00:31.708,01:00:32.341,,
No,0,01:00:32.751,01:00:35.552,,
No,0,01:00:35.962,01:00:39.514,,
No,0,01:00:39.924,01:00:41.600,,
No,0,01:00:42.010,01:00:42.934,,
No,0,01:00:43.344,01:00:46.396,,
No,0,01:00:46.806,01:00:50.442,,
No,0,01:00:50.852,01:00:53.737,,
No,0,01:00:54.147,01:00:56.365,,
No,0,01:00:56.775,01:01:04.706,,
No,0,01:01:05.116,01:01:07.626,,
No,0,01:01:08.036,01:01:09.961,,
No,0,01:01:10.371,01:01:13.548,,
No,0,01:01:13.958,01:01:16.885,,
No,0,01:01:17.295,01:01:20.013,,
No,0,01:01:20.423,01:01:25.018,,
No,0,01:01:25.428,01:01:27.479,,
No,0,01:01:27.889,01:01:28.397,,
No,0,01:01:28.807,01:01:29.690,,
No,0,01:01:30.100,01:01:32.442,,
No,0,01:01:32.852,01:01:42.202,,
No,0,01:01:42.612,01:01:43.745,,
No,0,01:01:44.155,01:01:44.871,,
No,0,01:01:45.281,01:01:48.834,,
No,0,01:01:49.244,01:01:54.172,,
No,0,01:01:54.582,01:01:57.092,,
No,0,01:01:57.502,01:01:58.135,,
No,0,01:01:58.545,01:02:00.220,,
No,0,01:02:00.630,01:02:01.471,,
No,0,01:02:01.881,01:02:16.111,,
No,0,01:02:16.521,01:02:18.071,,
No,0,01:02:18.481,01:02:19.197,,
No,0,01:02:19.607,01:02:25.203,,
No,0,01:02:25.613,01:02:26.997,,
No,0,01:02:27.407,01:02:29.666,,
No,0,01:02:30.076,01:02:31.668,,
No,0,01:02:32.078,01:02:35.714,,
No,0,01:02:36.124,01:02:43.889,,
No,0,01:02:44.299,01:02:49.144,,
No,0,01:02:49.554,01:02:55.275,,
No,0,01:02:55.685,01:02:58.278,,
No,0,01:02:58.688,01:02:59.654,,
No,0,01:03:00.064,01:03:02.240,,
No,0,01:03:02.650,01:03:06.411,,
No,0,01:03:06.821,01:03:09.790,,
No,0,01:03:10.200,01:03:12.083,,
No,0,01:03:12.493,01:03:42.280,,
No,0,01:03:42.690,01:03:44.282,,
No,0,01:03:44.692,01:03:47.285,,
No,0,01:03:47.695,01:03:50.622,,
No,0,01:03:51.032,01:04:00.340,,
No,0,01:04:00.750,01:04:02.592,,
No,0,01:04:03.002,01:04:05.262,,
No,0,01:04:05.672,01:04:08.181,,
No,0,01:04:08.591,01:04:21.820,,
No,0,01:04:22.230,01:04:37.043,,
No,0,01:04:37.453,01:04:44.175,,
No,0,01:04:44.585,01:04:45.969,,
No,0,01:04:46.379,01:04:47.053,,
No,0,01:04:47.463,01:04:49.723,,
No,0,01:04:50.133,01:04:55.103,,
No,0,01:04:55.513,01:04:59.441,,
No,0,01:04:59.851,01:05:05.947,,
No,0,01:05:06.357,01:05:07.949,,
No,0,01:05:08.359,01:05:10.660,,
No,0,01:05:11.070,01:05:15.332,,
No,0,01:05:15.742,01:05:28.929,,
No,0,01:05:29.339,01:05:31.473,,
No,0,01:05:31.883,01:05:36.728,,
No,0,01:05:37.138,01:05:38.647,,
No,0,01:05:39.057,01:05:40.106,,
No,0,01:05:40.516,01:05:41.691,,
No,0,01:05:42.101,01:05:46.655,,
No,0,01:05:47.065,01:05:52.285,,
No,0,01:05:52.695,01:06:12.764,,
No,0,01:06:13.174,01:06:14.349,,
No,0,01:06:14.759,01:06:16.601,,
No,0,01:06:17.011,01:06:19.396,,
No,0,01:06:19.806,01:06:22.148,,
No,0,01:06:22.558,01:06:26.486,,
No,0,01:06:26.896,01:06:28.154,,
No,0,01:06:28.564,01:06:31.408,,
No,0,01:06:31.818,01:06:34.911,,
No,0,01:06:35.321,01:06:37.539,,
No,0,01:06:37.949,01:06:43.878,,
No,0,01:06:44.288,01:07:17.704,,
No,0,01:07:18.114,01:07:25.754,,
No,0,01:07:26.164,01:07:36.181,,
No,0,01:07:36.591,01:07:51.029,,
No,0,01:07:51.439,01:07:56.367,,
No,0,01:07:56.777,01:08:06.920,,
No,0,01:08:07.330,01:08:09.005,,
No,0,01:08:09.415,01:08:11.800,,
No,0,01:08:12.210,01:08:14.928,,
No,0,01:08:15.338,01:08:17.806,,
No,0,01:08:18.216,01:08:20.225,,
No,0,01:08:20.635,01:08:31.111,,
No,0,01:08:31.521,01:08:33.113,,
No,0,01:08:33.523,01:08:36.991,,
No,0,01:08:37.401,01:08:38.785,,
No,0,01:08:39.195,01:08:40.787,,
No,0,01:08:41.197,01:08:45.542,,
No,0,01:08:45.952,01:08:47.292,,
No,0,01:08:47.702,01:08:50.462,,
No,0,01:08:50.872,01:08:58.179,,
No,0,01:08:58.589,01:09:01.390,,
No,0,01:09:01.800,01:09:03.268,,
No,0,01:09:03.678,01:09:10.065,,
No,0,01:09:10.475,01:09:13.278,,
No,0,01:09:13.688,01:09:21.077,,
No,0,01:09:21.487,01:09:58.156,,
No,0,01:09:58.566,01:10:00.950,,
No,0,01:10:01.360,01:10:03.077,,
No,0,01:10:03.487,01:10:05.038,,
No,0,01:10:05.448,01:10:06.289,,
No,0,01:10:06.699,01:10:17.383,,
No,0,01:10:17.793,01:10:30.355,,
No,0,01:10:30.765,01:10:32.690,,
No,0,01:10:33.100,01:10:34.901,,
No,0,01:10:35.311,01:10:36.903,,
No,0,01:10:37.313,01:10:44.327,,
No,0,01:10:44.737,01:10:47.622,,
No,0,01:10:48.032,01:10:50.792,,
No,0,01:10:51.202,01:10:53.419,,
No,0,01:10:53.829,01:10:59.842,,
No,0,01:11:00.252,01:11:01.344,,
No,0,01:11:01.754,01:11:03.388,,
No,0,01:11:03.798,01:11:08.059,,
No,0,01:11:08.469,01:11:10.645,,
No,0,01:11:11.055,01:11:12.272,,
No,0,01:11:12.682,01:11:17.026,,
No,0,01:11:17.436,01:11:20.196,,
No,0,01:11:20.606,01:11:24.617,,
No,0,01:11:25.027,01:11:26.494,,
No,0,01:11:26.904,01:11:29.330,,
No,0,01:11:29.740,01:11:33.209,,
No,0,01:11:33.619,01:11:35.503,,
No,0,01:11:35.913,01:11:36.421,,
No,0,01:11:36.831,01:11:43.011,,
No,0,01:11:43.421,01:11:47.348,,
No,0,01:11:47.758,01:11:50.601,,
No,0,01:11:51.011,01:11:52.979,,
No,0,01:11:53.389,01:11:57.358,,
No,0,01:11:57.768,01:11:59.610,,
No,0,01:12:00.020,01:12:01.613,,
No,0,01:12:02.023,01:12:03.281,,
No,0,01:12:03.691,01:12:10.788,,
No,0,01:12:11.198,01:12:14.208,,
No,0,01:12:14.618,01:12:17.545,,
No,0,01:12:17.955,01:12:18.963,,
No,0,01:12:19.373,01:12:20.798,,
No,0,01:12:21.208,01:12:25.845,,
No,0,01:12:26.255,01:12:28.056,,
No,0,01:12:28.466,01:12:31.225,,
No,0,01:12:31.635,01:12:36.606,,
No,0,01:12:37.016,01:12:39.609,,
No,0,01:12:40.019,01:12:41.152,,
No,0,01:12:41.562,01:12:46.407,,
No,0,01:12:46.817,01:12:58.169,,
No,0,01:12:58.579,01:13:10.139,,
No,0,01:13:10.549,01:13:17.855,,
No,0,01:13:18.265,01:13:20.191,,
No,0,01:13:20.601,01:13:22.193,,
No,0,01:13:22.603,01:13:26.364,,
No,0,01:13:26.774,01:13:28.491,,
No,0,01:13:28.901,01:13:31.619,,
No,0,01:13:32.029,01:13:38.084,,
No,0,01:13:38.494,01:13:39.794,,
No,0,01:13:40.204,01:13:43.089,,
No,0,01:13:43.499,01:13:46.717,,
No,0,01:13:47.127,01:13:53.474,,
No,0,01:13:53.884,01:13:54.100,,
No,0,01:13:54.510,01:13:55.101,,
No,0,01:13:55.511,01:13:59.021,,
No,0,01:13:59.431,01:14:02.984,,
No,0,01:14:03.394,01:14:19.000,,
No,0,01:14:19.410,01:14:27.592,,
No,0,01:14:28.002,01:14:41.522,,
No,0,01:14:41.932,01:14:44.650,,
No,0,01:14:45.060,01:14:47.737,,
No,0,01:14:48.147,01:14:53.576,,
No,0,01:14:53.986,01:14:55.369,,
No,0,01:14:55.779,01:15:00.750,,
No,0,01:15:01.160,01:15:05.087,,
No,0,01:15:05.497,01:15:14.514,,
No,0,01:15:14.924,01:15:19.435,,
No,0,01:15:19.845,01:15:20.686,,
No,0,01:15:21.096,01:15:22.522,,
No,0,01:15:22.932,01:15:24.524,,
No,0,01:15:24.934,01:15:29.987,,
No,0,01:15:30.397,01:15:30.988,,
No,0,01:15:31.398,01:15:32.281,,
No,0,01:15:32.691,01:15:34.867,,
No,0,01:15:35.277,01:15:35.868,,
No,0,01:15:36.278,01:15:37.495,,
No,0,01:15:37.905,01:15:38.246,,
No,0,01:15:38.656,01:15:39.330,,
No,0,01:15:39.740,01:15:40.748,,
No,0,01:15:41.158,01:15:41.541,,
No,0,01:15:41.951,01:15:43.709,,
No,0,01:15:44.119,01:15:44.961,,
No,0,01:15:45.371,01:15:48.339,,
No,0,01:15:48.749,01:15:53.010,,
No,0,01:15:53.420,01:15:56.514,,
No,0,01:15:56.924,01:15:58.975,,
No,0,01:15:59.385,01:16:08.276,,
No,0,01:16:08.686,01:16:18.494,,
No,0,01:16:18.904,01:16:25.251,,
No,0,01:16:25.661,01:16:31.882,,
No,0,01:16:32.292,01:16:38.806,,
No,0,01:16:39.216,01:16:42.894,,
No,0,01:16:43.304,01:17:09.879,,
No,0,01:17:10.289,01:17:16.552,,
No,0,01:17:16.962,01:17:22.391,,
No,0,01:17:22.801,01:17:24.727,,
No,0,01:17:25.137,01:17:26.937,,
No,0,01:17:27.347,01:17:28.856,,
No,0,01:17:29.266,01:17:30.775,,
No,0,01:17:31.185,01:17:39.909,,
No,0,01:17:40.319,01:17:56.550,,
No,0,01:17:56.960,01:17:59.303,,
No,0,01:17:59.713,01:18:01.681,,
No,0,01:18:02.091,01:18:04.975,,
No,0,01:18:05.385,01:18:11.315,,
No,0,01:18:11.725,01:18:12.274,,
No,0,01:18:12.684,01:18:15.069,,
No,0,01:18:15.479,01:18:17.446,,
No,0,01:18:17.856,01:18:22.576,,
No,0,01:18:22.986,01:18:26.080,,
No,0,01:18:26.490,01:18:30.126,,
No,0,01:18:30.536,01:18:31.502,,
No,0,01:18:31.912,01:18:32.878,,
No,0,01:18:33.288,01:18:35.047,,
No,0,01:18:35.457,01:18:37.925,,
No,0,01:18:38.335,01:18:40.386,,
No,0,01:18:40.796,01:18:43.097,,
No,0,01:18:43.507,01:18:44.390,,
No,0,01:18:44.800,01:18:46.892,,
No,0,01:18:47.302,01:18:48.519,,
No,0,01:18:48.929,01:18:53.107,,
No,0,01:18:53.517,01:18:54.567,,
No,0,01:18:54.977,01:18:57.903,,
No,0,01:18:58.313,01:19:03.659,,
No,0,01:19:04.069,01:19:09.290,,
No,0,01:19:09.700,01:19:12.626,,
No,0,01:19:13.036,01:19:16.505,,
No,0,01:19:16.915,01:19:19.675,,
No,0,01:19:20.085,01:19:22.553,,
No,0,01:19:22.963,01:19:25.723,,
No,0,01:19:26.133,01:19:29.894,,
No,0,01:19:30.304,01:19:36.567,,
No,0,01:19:36.977,01:19:41.614,,
No,0,01:19:42.024,01:19:43.991,,
No,0,01:19:44.401,01:19:48.078,,
No,0,01:19:48.488,01:19:53.918,,
No,0,01:19:54.328,01:19:56.420,,
No,0,01:19:56.830,01:19:58.798,,
No,0,01:19:59.208,01:20:04.470,,
No,0,01:20:04.880,01:20:07.973,,
No,0,01:20:08.383,01:20:10.392,,
No,0,01:20:10.802,01:20:12.311,,
No,0,01:20:12.721,01:20:20.319,,
No,0,01:20:20.729,01:20:24.782,,
No,0,01:20:25.192,01:20:27.451,,
No,0,01:20:27.861,01:20:35.960,,
No,0,01:20:36.370,01:20:42.174,,
No,0,01:20:42.584,01:20:55.729,,
No,0,01:20:56.139,01:21:01.193,,
No,0,01:21:01.603,01:21:03.320,,
No,0,01:21:03.730,01:21:04.613,,
No,0,01:21:05.023,01:21:06.115,,
No,0,01:21:06.525,01:21:07.992,,
No,0,01:21:08.402,01:21:11.829,,
No,0,01:21:12.239,01:21:13.247,,
No,0,01:21:13.657,01:21:16.584,,
No,0,01:21:16.994,01:21:21.922,,
No,0,01:21:22.332,01:21:24.383,,
No,0,01:21:24.793,01:21:27.553,,
No,0,01:21:27.963,01:21:33.517,,
No,0,01:21:33.927,01:21:40.691,,
No,0,01:21:41.101,01:21:47.364,,
No,0,01:21:47.774,01:22:00.336,,
No,0,01:22:00.746,01:22:04.798,,
No,0,01:22:05.208,01:22:16.477,,
No,0,01:22:16.887,01:22:18.771,,
No,0,01:22:19.181,01:22:22.024,,
No,0,01:22:22.434,01:22:23.359,,
No,0,01:22:23.769,01:22:29.615,,
No,0,01:22:30.025,01:22:33.327,,
No,0,01:22:33.737,01:22:36.497,,
No,0,01:22:36.907,01:22:39.166,,
No,0,01:22:39.576,01:22:41.752,,
No,0,01:22:42.162,01:23:07.778,,
No,0,01:23:08.188,01:23:16.870,,
No,0,01:23:17.280,01:23:21.291,,
No,0,01:23:21.701,01:23:28.924,,
No,0,01:23:29.334,01:23:35.639,,
No,0,01:23:36.049,01:23:48.902,,
No,0,01:23:49.312,01:23:53.490,,
No,0,01:23:53.900,01:24:00.164,,
No,0,01:24:00.574,01:24:06.462,,
No,0,01:24:06.872,01:24:12.259,,
No,0,01:24:12.669,01:24:18.223,,
No,0,01:24:18.633,01:24:21.518,,
No,0,01:24:21.928,01:24:24.521,,
No,0,01:24:24.931,01:24:28.233,,
No,0,01:24:28.643,01:24:30.235,,
No,0,01:24:30.645,01:24:32.279,,
No,0,01:24:32.689,01:24:33.947,,
No,0,01:24:34.357,01:24:35.949,,
No,0,01:24:36.359,01:24:37.868,,
No,0,01:24:38.278,01:24:38.452,,
No,0,01:24:38.862,01:24:40.120,,
No,0,01:24:40.530,01:24:45.167,,
No,0,01:24:45.577,01:24:46.668,,
No,0,01:24:47.078,01:24:54.635,,
No,0,01:24:55.045,01:24:57.721,,
No,0,01:24:58.131,01:25:00.349,,
No,0,01:25:00.759,01:25:04.853,,
No,0,01:25:05.263,01:25:06.105,,
No,0,01:25:06.515,01:25:07.439,,
No,0,01:25:07.849,01:25:08.774,,
No,0,01:25:09.184,01:25:10.818,,
No,0,01:25:11.228,01:25:13.529,,
No,0,01:25:13.939,01:25:17.866,,
No,0,01:25:18.276,01:25:23.539,,
No,0,01:25:23.949,01:25:28.877,,
No,0,01:25:29.287,01:25:33.632,,
No,0,01:25:34.042,01:25:36.635,,
No,0,01:25:37.045,01:25:38.262,,
No,0,01:25:38.672,01:25:44.518,,
No,0,01:25:44.928,01:25:46.478,,
No,0,01:25:46.888,01:25:55.362,,
No,0,01:25:55.772,01:26:01.160,,
No,0,01:26:01.570,01:26:07.666,,
No,0,01:26:08.076,01:26:13.338,,
No,0,01:26:13.748,01:26:29.438,,
No,0,01:26:29.848,01:26:32.149,,
No,0,01:26:32.559,01:26:36.111,,
No,0,01:26:36.521,01:26:39.156,,
No,0,01:26:39.566,01:26:41.158,,
No,0,01:26:41.568,01:26:46.455,,
No,0,01:26:46.865,01:26:49.666,,
No,0,01:26:50.076,01:26:55.714,,
No,0,01:26:56.124,01:26:57.466,,
No,0,01:26:57.876,01:26:59.676,,
No,0,01:27:00.086,01:27:01.553,,
No,0,01:27:01.963,01:27:02.221,,
No,0,01:27:02.631,01:27:03.305,,
No,0,01:27:03.715,01:27:06.099,,
No,0,01:27:06.509,01:27:09.353,,
No,0,01:27:09.763,01:27:11.521,,
No,0,01:27:11.931,01:27:14.441,,
No,0,01:27:14.851,01:27:23.075,,
No,0,01:27:23.485,01:27:24.785,,
No,0,01:27:25.195,01:27:26.286,,
No,0,01:27:26.696,01:27:27.412,,
No,0,01:27:27.822,01:27:30.123,,
No,0,01:27:30.533,01:27:31.625,,
No,0,01:27:32.035,01:27:34.294,,
No,0,01:27:34.704,01:27:35.420,,
No,0,01:27:35.830,01:27:35.963,,
No,0,01:27:36.373,01:27:36.630,,
No,0,01:27:37.040,01:27:38.257,,
No,0,01:27:38.667,01:27:40.384,,
No,0,01:27:40.794,01:27:42.135,,
No,0,01:27:42.545,01:27:44.179,,
No,0,01:27:44.589,01:27:46.515,,
No,0,01:27:46.925,01:27:49.601,,
No,0,01:27:50.011,01:27:52.646,,
No,0,01:27:53.056,01:27:58.819,,
No,0,01:27:59.229,01:28:02.489,,
No,0,01:28:02.899,01:28:06.368,,
No,0,01:28:06.778,01:28:07.577,,
No,0,01:28:07.987,01:28:08.829,,
No,0,01:28:09.239,01:28:10.163,,
No,0,01:28:10.573,01:28:12.666,,
No,0,01:28:13.076,01:28:14.710,,
No,0,01:28:15.120,01:28:16.670,,
No,0,01:28:17.080,01:28:17.754,,
No,0,01:28:18.164,01:28:19.631,,
No,0,01:28:20.041,01:28:22.926,,
No,0,01:28:23.336,01:28:27.014,,
No,0,01:28:27.424,01:28:29.558,,
No,0,01:28:29.968,01:28:33.687,,
No,0,01:28:34.097,01:28:37.983,,
No,0,01:28:38.393,01:28:40.193,,
No,0,01:28:40.603,01:28:43.071,,
No,0,01:28:43.481,01:28:48.201,,
No,0,01:28:48.611,01:28:51.788,,
No,0,01:28:52.198,01:28:52.956,,
No,0,01:28:53.366,01:28:59.421,,
No,0,01:28:59.831,01:29:00.505,,
No,0,01:29:00.915,01:29:02.716,,
No,0,01:29:03.126,01:29:03.258,,
No,0,01:29:03.668,01:29:06.261,,
No,0,01:29:06.671,01:29:07.429,,
No,0,01:29:07.839,01:29:08.472,,
No,0,01:29:08.882,01:29:10.891,,
No,0,01:29:11.301,01:29:14.144,,
No,0,01:29:14.554,01:29:18.648,,
No,0,01:29:19.058,01:29:21.109,,
No,0,01:29:21.519,01:29:30.994,,
No,0,01:29:31.404,01:29:33.121,,
No,0,01:29:33.531,01:29:34.956,,
No,0,01:29:35.366,01:29:40.629,,
No,0,01:29:41.039,01:29:43.382,,
No,0,01:29:43.792,01:29:44.966,,
No,0,01:29:45.376,01:30:07.656,,
No,0,01:30:08.066,01:30:17.124,,
No,0,01:30:17.534,01:30:18.542,,
No,0,01:30:18.952,01:30:20.544,,
No,0,01:30:20.954,01:30:22.546,,
No,0,01:30:22.956,01:30:26.133,,
No,0,01:30:26.543,01:30:30.846,,
No,0,01:30:31.256,01:30:34.015,,
No,0,01:30:34.425,01:30:36.059,,
No,0,01:30:36.469,01:30:38.437,,
No,0,01:30:38.847,01:30:47.028,,
No,0,01:30:47.438,01:30:51.992,,
No,0,01:30:52.402,01:30:59.207,,
No,0,01:30:59.617,01:31:00.500,,
No,0,01:31:00.910,01:31:02.794,,
No,0,01:31:03.204,01:31:09.217,,
No,0,01:31:09.627,01:31:21.480,,
No,0,01:31:21.890,01:31:23.940,,
No,0,01:31:24.350,01:31:34.326,,
No,0,01:31:34.736,01:31:46.922,,
No,0,01:31:47.332,01:31:56.932,,
No,0,01:31:57.342,01:32:00.310,,
No,0,01:32:00.720,01:32:03.647,,
No,0,01:32:04.057,01:32:06.191,,
No,0,01:32:06.601,01:32:16.076,,
No,0,01:32:16.486,01:32:18.119,,
No,0,01:32:18.529,01:32:20.664,,
No,0,01:32:21.074,01:33:29.733,,
No,0,01:33:30.143,01:33:30.483,,
No,0,01:33:30.893,01:33:40.493,,
No,0,01:33:40.903,01:33:51.838,,
No,0,01:33:52.248,01:33:54.758,,
No,0,01:33:55.168,01:34:02.891,,
No,0,01:34:03.301,01:34:08.521,,
No,0,01:34:08.931,01:34:09.439,,
No,0,01:34:09.849,01:34:23.745,,
No,0,01:34:24.155,01:34:47.268,,
No,0,01:34:47.678,01:34:53.817,,
No,0,01:34:54.227,01:34:56.778,,
