Ignore,Scene,Start,End,Caption
Yes,0,00:00:00.205,00:00:30.534,
No,0,00:00:30.944,00:00:31.160,"The sequence captures a close-up of a cannon firing, with bright flames and sparks erupting from the barrel, dominating the frame. The scene is set against a clear blue sky, suggesting a bright, sunny day in the open frontier."
No,0,00:00:31.570,00:00:32.036,"The sequence captures a close-up of a cannon firing, with the bright flash of the muzzle blast illuminating the scene. The setting is an open field under a clear blue sky, suggesting a daytime battle in a Western frontier landscape."
No,0,00:00:32.446,00:00:34.204,"In a tense medium shot, a group of men in worn, dusty clothing and hats crouch behind a wooden barricade, aiming rifles at a distant line of mounted figures across a grassy field. The scene is set in broad daylight, with the sun casting sharp shadows, and the lush greenery of the surrounding landscape suggesting a warm, clear day."
No,0,00:00:34.614,00:00:38.709,"The scene captures a chaotic battlefield with soldiers in brown uniforms, some wearing hats, taking cover behind a fallen tree while others advance, carrying a Confederate flag. Smoke and debris fill the air under a clear blue sky, suggesting a daytime battle in a lush, green landscape."
No,0,00:00:39.119,00:00:40.878,"In a wide shot, a line of soldiers in dark uniforms operates a row of cannons, with one soldier holding a cannonball and another using a ramrod. The scene is set in a grassy field under a clear blue sky, with smoke billowing from the cannons, indicating a daytime battle."
No,0,00:00:41.288,00:00:41.503,"In a medium shot obscured by swirling smoke, several men in rugged clothing are seen aiming rifles from behind a makeshift barricade, suggesting a tense standoff. The scene is set in a wooded area with dense foliage, indicating a daytime setting with filtered sunlight creating a dramatic atmosphere."
No,0,00:00:41.913,00:00:42.379,"The scene captures a close-up of a cannon firing, framed through the spokes of a wagon wheel, with smoke billowing from the barrel. The background reveals a clear blue sky and a distant treeline, suggesting a bright, sunny day on the open plains."
No,0,00:00:42.789,00:00:44.048,"In this intense sequence, a group of men in rugged attire are engaged in a chaotic battle, taking cover behind a wooden fence as a massive explosion of dirt and debris erupts in the foreground. The scene is set in a lush, green landscape under a clear sky, suggesting a daytime skirmish in the open frontier."
No,0,00:00:44.458,00:00:52.806,"In a sweeping long shot, a cavalry of soldiers on horseback charges across a grassy hill, brandishing rifles and an American flag, while artillerymen stand by a cannon in the background. The scene transitions to a chaotic close-up of soldiers in brown uniforms scrambling amidst fallen comrades near a wooden fence, set against a backdrop of lush greenery under a clear blue sky, suggesting a daytime battle."
No,0,00:00:53.216,00:00:56.435,"In a wide shot, a fallen horse and rider lie in the foreground, partially obscured by smoke and foliage, while a group of figures on horseback engage in a distant skirmish across the open field. The scene is set in a lush, green landscape under a clear sky, suggesting a daytime battle in the expansive frontier."
No,0,00:00:56.845,00:01:01.690,"A group of cavalrymen, dressed in military uniforms with wide-brimmed hats and wielding sabers, charge forward on horseback in a dynamic medium shot. The scene is set in a lush, open field under a clear blue sky, suggesting a bright, sunny day."
No,0,00:01:02.100,00:01:03.442,"In a medium shot, several soldiers in Confederate uniforms are positioned behind a wooden barricade, aiming their rifles through the gaps. The scene is set in a grassy field under a clear blue sky, with smoke from gunfire lingering in the air, suggesting a battle taking place during daylight hours."
No,0,00:01:03.852,00:01:10.491,"In a dynamic wide shot, a group of cavalry soldiers charges across a grassy field, their horses kicking up dust as they gallop. The scene is set in a lush, green landscape under a clear blue sky, suggesting a bright, sunny day."
No,0,00:01:10.901,00:01:12.076,"In a dynamic close-up shot, a group of men in period military uniforms with red cuffs are seen gripping rifles as they brace against a wooden barricade. The blurred motion of galloping horses dominates the foreground, suggesting a chaotic battle scene under a clear blue sky, with lush greenery in the background indicating a daytime setting."
No,0,00:01:12.486,00:01:13.243,"In a chaotic battlefield scene, the camera captures a dynamic medium shot of men in period attire, some wielding rifles and others running amidst fallen bodies. The background reveals a group of mounted riders galloping across a grassy field, with smoke lingering in the air, suggesting a recent skirmish under the bright daylight."
No,0,00:01:13.653,00:01:17.414,"In a dynamic medium shot, two men in rugged attire take cover behind a wooden barricade, aiming rifles at a group of mounted soldiers charging towards them. The scene is set in a lush, green landscape under clear daylight, with dust and smoke adding to the chaos of the confrontation."
No,0,00:01:17.824,00:01:19.750,"In a chaotic battle scene, a soldier in a beige uniform with a ""CSA"" satchel is engaged in close combat with a cavalryman wielding a saber, both framed against a backdrop of fallen soldiers and a wooden fence. The scene is set in a lush, green field under a clear blue sky, suggesting a daytime skirmish amidst the Civil War era."
No,0,00:01:20.160,00:01:24.463,"In a chaotic battlefield scene, a soldier in a dusty uniform and cap appears distressed as a horse gallops past him, partially obscuring the view. The background reveals a grim landscape of fallen soldiers scattered across a grassy field, with smoke lingering in the air under a clear daytime sky, suggesting the aftermath of a fierce skirmish."
No,0,00:01:24.873,00:01:27.840,"In a dynamic sequence of close-up and medium shots, a chaotic cavalry skirmish unfolds with soldiers on horseback, some wielding sabers and others struggling to maintain control of their mounts. The scene is set in a lush, green landscape under a clear blue sky, suggesting a daytime battle on the open plains."
No,0,00:01:28.250,00:01:35.015,"In a dynamic sequence of close-up and medium shots, a chaotic skirmish unfolds with men on horseback engaged in combat, one prominently wielding a Confederate flag. This man is killed in action and dies wrapped in his flag. The scene is set in a lush, green landscape under a clear blue sky, suggesting a daytime confrontation amidst the open fields of the frontier."
No,0,00:01:35.425,00:01:40.437,"In a medium shot, two men on horseback, dressed in military-style uniforms with wide-brimmed hats, survey the area, while another man crouches behind a fallen tree, aiming a rifle. The scene is set in a rural landscape with a wooden fence and sparse trees, under a clear blue sky, suggesting a calm, sunny day."
No,0,00:01:40.847,00:01:42.022,"A medium close-up shot captures a native american man in a cavalry uniform playing a brass bugle, his face focused and determined. The scene is set outdoors in daylight, with lush green trees in the background under a clear blue sky, suggesting a serene and sunny day."
No,0,00:01:42.432,00:01:43.732,"In a medium close-up shot, a man wearing a cavalry uniform with a yellow neckerchief and a black hat adorned with crossed sabers stands pensively. The bright blue sky and lush green trees in the background suggest a clear, sunny day on the frontier."
No,0,00:01:44.142,00:01:46.235,"The scene captures a fallen soldier draped in a Confederate flag, lying on a battlefield with a rifle nearby. The setting is a barren, dusty landscape under clear daylight, suggesting a somber moment after a skirmish."
No,0,00:01:46.645,00:01:48.320,"The scene features a close-up of a man wearing a dark cavalry hat adorned with crossed sabers, a blue military uniform with gold epaulettes, and a yellow neckerchief. He appears contemplative, glancing downward and then to the side, set against a backdrop of green trees under a clear blue sky, suggesting a sunny day."
No,0,00:01:48.730,00:01:53.742,"In a wide shot, two men in tattered uniforms walk through a battlefield littered with fallen soldiers and abandoned cannons, their figures silhouetted against the smoke-filled air. The scene is set in a clearing surrounded by dense trees, with the sunlight filtering through, suggesting a late afternoon or early evening after a fierce skirmish."
No,0,00:01:54.152,00:01:56.286,"A close-up shot captures a man in a military uniform, wearing a black hat adorned with a cavalry insignia and a yellow neckerchief, as he gazes intently to the side. The scene is set outdoors during the day, with clear blue skies and lush green trees in the background, suggesting a serene yet tense moment in a Western landscape."
No,0,00:01:56.696,00:01:59.498,"In a dynamic wide shot, a group of cavalrymen on horseback, dressed in dark uniforms with hats, are seen gathered near a wooden fence. One rider, holding a hat aloft, leaps over the fence on his horse, while an American flag flutters prominently in the background. The scene is set in a lush, open field under a clear blue sky, suggesting a bright, sunny day."
No,0,00:01:59.908,00:02:07.881,"In a medium shot, three cavalrymen on horseback are framed in the foreground, wearing military uniforms with yellow neckerchiefs and hats, engaged in conversation. The scene is set in a lush, green landscape under a clear blue sky, suggesting a bright, sunny day."
No,0,00:02:08.291,00:02:11.260,"In a medium shot, two cavalry officers are prominently framed in the foreground, both wearing dark uniforms with yellow neckerchiefs and hats, one with a distinctive insignia. They are mounted on horses, flanked by other soldiers in the background, set against a lush, green landscape under a clear blue sky, suggesting a sunny day."
No,0,00:02:11.670,00:02:18.392,"In a medium shot, a soldier in a dark uniform with gold stripes on the sleeves is prominently framed in the foreground, looking intently ahead. Behind him, a group of cavalry soldiers on horseback, waving sabers and an American flag, are gathered in a field under a clear blue sky, suggesting a daytime setting."
No,0,00:02:18.802,00:02:19.560,"In a medium shot, two cavalry officers are prominently framed in the foreground, wearing dark uniforms with yellow neckerchiefs and hats, one with a cavalry insignia. Behind them, other soldiers on horseback are visible, set against a lush, green landscape under a clear blue sky, suggesting a bright midday setting."
No,0,00:02:19.970,00:02:21.061,"In a medium close-up, a man in a dark military uniform with gold stripes on his sleeves stands in the foreground, looking intently ahead. Behind him, a group of cavalry soldiers on horseback, wielding sabers, are gathered near a wooden fence, with an American flag waving prominently against a backdrop of lush greenery under a clear blue sky, suggesting a bright daytime setting."
No,0,00:02:21.471,00:02:23.564,"In a medium close-up shot, a man wearing a dark cavalry hat with crossed sabers insignia and a yellow neckerchief over a blue uniform gazes intently to his left, suggesting a moment of contemplation or decision. The scene is set outdoors with a clear blue sky and lush green trees in the background, indicating a bright, sunny day."
No,0,00:02:23.974,00:02:30.529,"The scene is a wide shot depicting a group of fallen men in Western attire, sprawled across a dusty clearing, with rifles scattered around them and a horse standing nearby. The environment suggests a recent skirmish, set in a dry, sunlit landscape, with sparse grass and a wooden fence in the background."
No,0,00:02:30.939,00:02:32.447,"In a medium shot, two cavalry officers on horseback are framed in the foreground, wearing dark uniforms with yellow neckerchiefs and cavalry hats, suggesting a military setting. The background reveals a group of mounted soldiers amidst a lush, green landscape under a clear blue sky, indicating a bright, sunny day."
No,0,00:02:32.857,00:02:36.618,"In a medium shot, a soldier wearing a dark uniform with gold stripes and a cap stands in the foreground, his expression relaxed. Behind him, a group of cavalrymen on horseback, some holding sabers, are gathered near a wooden fence with an American flag waving in the breeze, set against a backdrop of lush green fields under a clear blue sky."
No,0,00:02:37.028,00:02:43.374,"In a medium shot, a group of cavalrymen on horseback engage in conversation, their uniforms adorned with yellow neckerchiefs and hats, suggesting a military context. The scene unfolds in a sunlit, open field bordered by lush green trees, indicating a clear day in a rural setting."
No,0,00:02:43.784,00:02:48.713,"A group of cavalrymen, dressed in dark military uniforms with hats and gloves, are mounted on horses, holding sabers and rifles. The American flag waves prominently in the background, set against a lush, green landscape under a clear blue sky, suggesting a bright, sunny day."
No,0,00:02:49.123,00:02:53.010,"In a medium shot, a group of cavalry soldiers on horseback are gathered, with one soldier prominently holding a bugle. They are dressed in military uniforms with hats and gloves, and the scene is set in a wooded area with fallen branches, under a clear blue sky, suggesting a sunny day."
No,0,00:02:53.420,00:02:54.970,"A group of cavalrymen, dressed in Civil War-era uniforms with kepi hats and bandanas, are mounted on horses, holding rifles and sabers. The American flag waves prominently in the background, set against a lush, green landscape under a clear blue sky, suggesting a daytime scene."
No,0,00:02:55.380,00:03:05.272,"In a wide shot framed by a large, arching tree, three mounted cowboys ride into a clearing, their backs to the camera. The scene is set in a lush, green forest under the bright light of day, with scattered figures and a wagon visible in the background, suggesting a moment of tense anticipation or aftermath."
No,0,00:03:05.682,00:03:13.697,"In a medium shot, two mounted soldiers in dark uniforms ride through a forest clearing, their horses moving past a group of men carrying a stretcher with an injured person. The scene is set in a lush, green forest under the bright daylight, suggesting a serene yet tense atmosphere amidst the unfolding events."
No,0,00:03:14.107,00:03:18.869,"In a wide shot framed from behind, two mounted soldiers in dark uniforms and wide-brimmed hats face a group of weary men, some with bandaged wounds, holding rifles and standing in a semi-circle. The scene is set in a lush, green forest clearing by a river, suggesting a daytime."
No,0,00:03:19.279,00:03:23.874,"In a medium shot, three cavalrymen in blue uniforms and hats are mounted on horses, engaging in a conversation with a man on a brown horse in the foreground. The scene is set in a lush, green forest under clear daylight, suggesting a calm and warm environment."
No,0,00:03:24.284,00:03:31.882,"In a medium shot, a group of men in worn military uniforms, some with bandages, stand in a clearing, holding rifles and looking towards a mounted figure in the foreground. The scene is set in a lush, green forest under clear daylight, suggesting a moment of tense interaction or negotiation."
No,0,00:03:32.292,00:03:36.470,"In a medium shot, three men in cavalry uniforms are mounted on horses, engaging in conversation with a man standing in front of them. The scene is set in a lush, green forest under clear blue skies, suggesting a bright, sunny day."
No,0,00:03:36.880,00:03:38.388,
No,0,00:03:38.798,00:03:40.224,
No,0,00:03:40.634,00:03:42.517,
No,0,00:03:42.927,00:03:47.064,
No,0,00:03:47.474,00:03:49.942,
No,0,00:03:50.352,00:03:52.861,
No,0,00:03:53.271,00:03:54.655,
No,0,00:03:55.065,00:03:56.240,
No,0,00:03:56.650,00:03:59.868,
No,0,00:04:00.278,00:04:01.912,
No,0,00:04:02.322,00:04:07.376,
No,0,00:04:07.786,00:04:12.547,
No,0,00:04:12.957,00:04:14.633,
No,0,00:04:15.043,00:04:26.353,
No,0,00:04:26.763,00:04:29.189,
No,0,00:04:29.599,00:04:53.213,
No,0,00:04:53.623,00:05:00.762,
No,0,00:05:01.172,00:05:25.746,
No,0,00:05:26.156,00:05:31.293,
No,0,00:05:31.703,00:05:39.968,
No,0,00:05:40.378,00:05:57.069,
No,0,00:05:57.479,00:06:16.838,
No,0,00:06:17.248,00:06:22.260,
No,0,00:06:22.670,00:06:27.057,
No,0,00:06:27.467,00:06:29.601,
No,0,00:06:30.011,00:06:32.312,
No,0,00:06:32.722,00:06:37.442,
No,0,00:06:37.852,00:06:46.576,
No,0,00:06:46.986,00:06:49.579,
No,0,00:06:49.989,00:06:51.665,
No,0,00:06:52.075,00:07:01.133,
No,0,00:07:01.543,00:07:02.717,
No,0,00:07:03.127,00:07:07.639,
No,0,00:07:08.049,00:07:16.273,
No,0,00:07:16.683,00:07:28.785,
No,0,00:07:29.195,00:07:33.415,
No,0,00:07:33.825,00:07:38.086,
No,0,00:07:38.496,00:07:41.256,
No,0,00:07:41.666,00:07:43.633,
No,0,00:07:44.043,00:07:58.231,
No,0,00:07:58.641,00:08:02.444,
No,0,00:08:02.854,00:08:19.461,
No,0,00:08:19.871,00:08:23.632,
No,0,00:08:24.042,00:08:29.846,
No,0,00:08:30.256,00:08:43.860,
No,0,00:08:44.270,00:09:02.879,
No,0,00:09:03.289,00:09:10.845,
No,0,00:09:11.255,00:09:19.813,
No,0,00:09:20.223,00:09:26.695,
No,0,00:09:27.105,00:09:32.033,
No,0,00:09:32.443,00:09:34.202,
No,0,00:09:34.612,00:10:00.854,
No,0,00:10:01.264,00:10:04.691,
No,0,00:10:05.101,00:10:07.736,
No,0,00:10:08.146,00:10:11.573,
No,0,00:10:11.983,00:10:14.326,
No,0,00:10:14.736,00:10:19.831,
No,0,00:10:20.241,00:10:30.925,
No,0,00:10:31.335,00:10:32.886,
No,0,00:10:33.296,00:10:40.852,
No,0,00:10:41.262,00:10:42.437,
No,0,00:10:42.847,00:10:56.117,
No,0,00:10:56.527,00:10:58.203,
No,0,00:10:58.613,00:11:00.955,
No,0,00:11:01.365,00:11:05.460,
No,0,00:11:05.870,00:11:08.838,
No,0,00:11:09.248,00:11:17.138,
No,0,00:11:17.548,00:11:26.439,
No,0,00:11:26.849,00:12:16.448,
No,0,00:12:16.858,00:12:22.662,
No,0,00:12:23.072,00:12:29.669,
No,0,00:12:30.079,00:12:31.629,
No,0,00:12:32.039,00:12:34.507,
No,0,00:12:34.917,00:12:36.134,
No,0,00:12:36.544,00:12:38.011,
No,0,00:12:38.421,00:12:42.849,
No,0,00:12:43.259,00:12:52.275,
No,0,00:12:52.685,00:13:13.171,
No,0,00:13:13.581,00:13:20.136,
No,0,00:13:20.546,00:13:29.395,
No,0,00:13:29.805,00:13:31.773,
No,0,00:13:32.183,00:13:34.067,
No,0,00:13:34.477,00:13:48.748,
No,0,00:13:49.158,00:13:54.045,
No,0,00:13:54.455,00:14:20.613,
No,0,00:14:21.023,00:14:26.244,
No,0,00:14:26.654,00:14:42.218,
No,0,00:14:42.628,00:15:07.535,
No,0,00:15:07.945,00:15:15.668,
No,0,00:15:16.078,00:15:27.972,
No,0,00:15:28.382,00:15:38.024,
No,0,00:15:38.434,00:15:55.959,
No,0,00:15:56.369,00:15:59.545,
No,0,00:15:59.955,00:16:06.219,
No,0,00:16:06.629,00:16:17.730,
No,0,00:16:18.140,00:16:27.281,
No,0,00:16:27.691,00:16:29.242,
No,0,00:16:29.652,00:16:38.543,
No,0,00:16:38.953,00:16:46.759,
No,0,00:16:47.169,00:16:49.137,
No,0,00:16:49.547,00:16:57.854,
No,0,00:16:58.264,00:17:11.701,
No,0,00:17:12.111,00:17:13.995,
No,0,00:17:14.405,00:17:20.877,
No,0,00:17:21.287,00:17:22.378,
No,0,00:17:22.788,00:17:24.297,
No,0,00:17:24.707,00:17:35.850,
No,0,00:17:36.260,00:17:45.318,
No,0,00:17:45.728,00:18:10.009,
No,0,00:18:10.419,00:18:22.271,
No,0,00:18:22.681,00:18:32.949,
No,0,00:18:33.359,00:18:45.211,
No,0,00:18:45.621,00:18:51.467,
No,0,00:18:51.877,00:18:55.138,
No,0,00:18:55.548,00:19:02.895,
No,0,00:19:03.305,00:19:15.741,
No,0,00:19:16.151,00:19:22.206,
No,0,00:19:22.616,00:19:50.735,
No,0,00:19:51.145,00:19:55.239,
No,0,00:19:55.649,00:20:07.877,
No,0,00:20:08.287,00:20:12.506,
No,0,00:20:12.916,00:20:15.426,
No,0,00:20:15.836,00:20:23.851,
No,0,00:20:24.261,00:20:30.524,
No,0,00:20:30.934,00:20:48.000,
No,0,00:20:48.410,00:20:51.545,
No,0,00:20:51.955,00:20:54.966,
No,0,00:20:55.376,00:20:57.551,
No,0,00:20:57.961,00:20:59.929,
No,0,00:21:00.339,00:21:05.977,
No,0,00:21:06.387,00:21:11.232,
No,0,00:21:11.642,00:21:14.735,
No,0,00:21:15.145,00:21:28.082,
No,0,00:21:28.492,00:21:31.252,
No,0,00:21:31.662,00:21:33.588,
No,0,00:21:33.998,00:21:35.089,
No,0,00:21:35.499,00:21:38.467,
No,0,00:21:38.877,00:21:39.760,
No,0,00:21:40.170,00:21:43.556,
No,0,00:21:43.966,00:21:45.933,
No,0,00:21:46.343,00:21:54.775,
No,0,00:21:55.185,00:21:59.196,
No,0,00:21:59.606,00:22:01.240,
No,0,00:22:01.650,00:22:07.621,
No,0,00:22:08.031,00:22:13.169,
No,0,00:22:13.579,00:22:14.253,
No,0,00:22:14.663,00:22:18.049,
No,0,00:22:18.459,00:22:19.091,
No,0,00:22:19.501,00:22:22.511,
No,0,00:22:22.921,00:22:30.353,
No,0,00:22:30.763,00:22:43.032,
No,0,00:22:43.442,00:22:44.700,
No,0,00:22:45.110,00:22:49.205,
No,0,00:22:49.615,00:22:52.416,
No,0,00:22:52.826,00:22:56.462,
No,0,00:22:56.872,00:23:01.008,
No,0,00:23:01.418,00:23:03.302,
No,0,00:23:03.712,00:23:11.102,
No,0,00:23:11.512,00:23:14.230,
No,0,00:23:14.640,00:23:18.234,
No,0,00:23:18.644,00:23:23.656,
No,0,00:23:24.066,00:23:28.494,
No,0,00:23:28.904,00:23:32.289,
No,0,00:23:32.699,00:23:37.211,
No,0,00:23:37.621,00:23:48.097,
No,0,00:23:48.507,00:23:56.355,
No,0,00:23:56.765,00:24:13.080,
No,0,00:24:13.490,00:24:31.974,
No,0,00:24:32.384,00:25:21.982,
No,0,00:25:22.392,00:25:39.750,
No,0,00:25:40.160,00:25:48.759,
No,0,00:25:49.169,00:26:08.529,
No,0,00:26:08.939,00:26:18.163,
No,0,00:26:18.573,00:26:32.261,
No,0,00:26:32.671,00:26:34.722,
No,0,00:26:35.132,00:26:39.351,
No,0,00:26:39.761,00:26:51.739,
No,0,00:26:52.149,00:27:02.791,
No,0,00:27:03.201,00:27:05.711,
No,0,00:27:06.121,00:27:15.763,
No,0,00:27:16.173,00:27:17.306,
No,0,00:27:17.716,00:27:25.397,
No,0,00:27:25.807,00:27:27.316,
No,0,00:27:27.726,00:27:31.487,
No,0,00:27:31.897,00:27:38.243,
No,0,00:27:38.653,00:27:45.918,
No,0,00:27:46.328,00:27:54.885,
No,0,00:27:55.295,00:27:58.055,
No,0,00:27:58.465,00:28:14.988,
No,0,00:28:15.398,00:28:21.578,
No,0,00:28:21.988,00:28:37.177,
No,0,00:28:37.587,00:28:58.949,
No,0,00:28:59.359,00:29:15.299,
No,0,00:29:15.709,00:29:18.635,
No,0,00:29:19.045,00:29:29.438,
No,0,00:29:29.848,00:29:33.233,
No,0,00:29:33.643,00:29:40.073,
No,0,00:29:40.483,00:29:45.496,
No,0,00:29:45.906,00:29:57.674,
No,0,00:29:58.084,00:30:02.638,
No,0,00:30:03.048,00:30:05.516,
No,0,00:30:05.926,00:30:09.102,
No,0,00:30:09.512,00:30:13.190,
No,0,00:30:13.600,00:30:16.860,
No,0,00:30:17.270,00:30:23.659,
No,0,00:30:24.069,00:30:25.494,
No,0,00:30:25.904,00:30:27.204,
No,0,00:30:27.614,00:30:29.414,
No,0,00:30:29.824,00:30:31.500,
No,0,00:30:31.910,00:30:33.544,
No,0,00:30:33.954,00:30:39.466,
No,0,00:30:39.876,00:30:45.055,
No,0,00:30:45.465,00:30:49.643,
No,0,00:30:50.053,00:30:54.773,
No,0,00:30:55.183,00:30:59.862,
No,0,00:31:00.272,00:31:08.537,
No,0,00:31:08.947,00:31:19.798,
No,0,00:31:20.208,00:31:23.218,
No,0,00:31:23.628,00:31:26.054,
No,0,00:31:26.464,00:31:45.282,
No,0,00:31:45.692,00:31:54.291,
No,0,00:31:54.701,00:32:07.387,
No,0,00:32:07.797,00:32:09.514,
No,0,00:32:09.924,00:32:12.434,
No,0,00:32:12.844,00:32:22.819,
No,0,00:32:23.229,00:32:35.540,
No,0,00:32:35.950,00:32:38.168,
No,0,00:32:38.578,00:32:44.841,
No,0,00:32:45.251,00:32:47.719,
No,0,00:32:48.129,00:32:51.473,
No,0,00:32:51.883,00:32:54.142,
No,0,00:32:54.552,00:33:15.664,
No,0,00:33:16.074,00:33:21.253,
No,0,00:33:21.663,00:33:25.048,
No,0,00:33:25.458,00:33:28.677,
No,0,00:33:29.087,00:33:30.804,
No,0,00:33:31.214,00:33:38.395,
No,0,00:33:38.805,00:33:42.107,
No,0,00:33:42.517,00:33:45.902,
No,0,00:33:46.312,00:33:47.320,
No,0,00:33:47.730,00:33:48.363,
No,0,00:33:48.773,00:33:50.198,
No,0,00:33:50.608,00:33:54.494,
No,0,00:33:54.904,00:33:57.664,
No,0,00:33:58.074,00:34:00.542,
No,0,00:34:00.952,00:34:08.050,
No,0,00:34:08.460,00:34:12.762,
No,0,00:34:13.172,00:34:15.766,
No,0,00:34:16.176,00:34:22.773,
No,0,00:34:23.183,00:34:28.945,
No,0,00:34:29.355,00:34:32.491,
No,0,00:34:32.901,00:34:46.880,
No,0,00:34:47.290,00:34:56.723,
No,0,00:34:57.133,00:34:58.183,
No,0,00:34:58.593,00:34:59.601,
No,0,00:35:00.011,00:35:01.603,
No,0,00:35:02.013,00:35:04.439,
No,0,00:35:04.849,00:35:09.361,
No,0,00:35:09.771,00:35:17.828,
No,0,00:35:18.238,00:35:20.705,
No,0,00:35:21.115,00:35:23.875,
No,0,00:35:24.285,00:35:41.977,
No,0,00:35:42.387,00:35:47.107,
No,0,00:35:47.517,00:35:53.363,
No,0,00:35:53.773,00:35:58.910,
No,0,00:35:59.320,00:36:20.765,
No,0,00:36:21.175,00:36:25.020,
No,0,00:36:25.430,00:36:31.943,
No,0,00:36:32.353,00:36:44.164,
No,0,00:36:44.574,00:36:57.886,
No,0,00:36:58.296,00:37:18.031,
No,0,00:37:18.441,00:37:25.830,
No,0,00:37:26.240,00:37:31.544,
No,0,00:37:31.954,00:37:41.930,
No,0,00:37:42.340,00:37:56.278,
No,0,00:37:56.688,00:38:14.129,
No,0,00:38:14.539,00:38:21.177,
No,0,00:38:21.587,00:38:38.361,
No,0,00:38:38.771,00:38:53.668,
No,0,00:38:54.078,00:38:56.087,
No,0,00:38:56.497,00:38:58.548,
No,0,00:38:58.958,00:39:03.261,
No,0,00:39:03.671,00:39:06.431,
No,0,00:39:06.841,00:39:11.102,
No,0,00:39:11.512,00:39:21.529,
No,0,00:39:21.939,00:39:28.078,
No,0,00:39:28.488,00:39:35.919,
No,0,00:39:36.329,00:39:45.553,
No,0,00:39:45.963,00:39:49.766,
No,0,00:39:50.176,00:40:05.782,
No,0,00:40:06.192,00:40:18.461,
No,0,00:40:18.871,00:40:22.841,
No,0,00:40:23.251,00:40:26.511,
No,0,00:40:26.921,00:40:35.103,
No,0,00:40:35.513,00:40:38.731,
No,0,00:40:39.141,00:40:44.446,
No,0,00:40:44.856,00:40:50.076,
No,0,00:40:50.486,00:40:57.792,
No,0,00:40:58.202,00:41:08.219,
No,0,00:41:08.629,00:41:10.930,
No,0,00:41:11.340,00:41:14.976,
No,0,00:41:15.386,00:41:16.603,
No,0,00:41:17.013,00:41:18.855,
No,0,00:41:19.265,00:41:21.524,
No,0,00:41:21.934,00:41:23.693,
No,0,00:41:24.103,00:41:27.280,
No,0,00:41:27.690,00:41:38.416,
No,0,00:41:38.826,00:41:46.049,
No,0,00:41:46.459,00:41:51.387,
No,0,00:41:51.797,00:41:59.395,
No,0,00:41:59.805,00:42:06.611,
No,0,00:42:07.021,00:42:09.197,
No,0,00:42:09.607,00:42:11.533,
No,0,00:42:11.943,00:42:36.349,
No,0,00:42:36.759,00:42:44.190,
No,0,00:42:44.600,00:42:57.453,
No,0,00:42:57.863,00:43:02.417,
No,0,00:43:02.827,00:43:05.712,
No,0,00:43:06.122,00:43:11.217,
No,0,00:43:11.627,00:43:15.179,
No,0,00:43:15.589,00:43:33.823,
No,0,00:43:34.233,00:43:37.035,
No,0,00:43:37.445,00:43:44.792,
No,0,00:43:45.202,00:43:47.629,
No,0,00:43:48.039,00:43:51.466,
No,0,00:43:51.876,00:43:57.513,
No,0,00:43:57.923,00:44:04.937,
No,0,00:44:05.347,00:44:10.068,
No,0,00:44:10.478,00:44:16.949,
No,0,00:44:17.359,00:44:20.411,
No,0,00:44:20.821,00:44:24.082,
No,0,00:44:24.492,00:44:27.794,
No,0,00:44:28.204,00:44:31.464,
No,0,00:44:31.874,00:44:34.509,
No,0,00:44:34.919,00:44:53.736,
No,0,00:44:54.146,00:44:56.739,
No,0,00:44:57.149,00:44:59.992,
No,0,00:45:00.402,00:45:04.914,
No,0,00:45:05.324,00:45:07.208,
No,0,00:45:07.618,00:45:11.796,
No,0,00:45:12.206,00:45:21.472,
No,0,00:45:21.882,00:45:23.808,
No,0,00:45:24.218,00:45:34.193,
No,0,00:45:34.603,00:45:50.793,
No,0,00:45:51.203,00:45:52.795,
No,0,00:45:53.205,00:45:57.633,
No,0,00:45:58.043,00:46:03.097,
No,0,00:46:03.507,00:46:09.103,
No,0,00:46:09.513,00:46:12.106,
No,0,00:46:12.516,00:46:20.740,
No,0,00:46:21.150,00:46:26.662,
No,0,00:46:27.072,00:46:30.708,
No,0,00:46:31.118,00:46:34.670,
No,0,00:46:35.080,00:46:56.025,
No,0,00:46:56.435,00:47:00.822,
No,0,00:47:01.232,00:47:23.678,
No,0,00:47:24.088,00:47:28.224,
No,0,00:47:28.634,00:47:49.871,
No,0,00:47:50.281,00:47:57.920,
No,0,00:47:58.330,00:48:21.652,
No,0,00:48:22.062,00:48:26.908,
No,0,00:48:27.318,00:48:29.410,
No,0,00:48:29.820,00:48:30.703,
No,0,00:48:31.113,00:48:38.794,
No,0,00:48:39.204,00:48:48.971,
No,0,00:48:49.381,00:48:53.225,
No,0,00:48:53.635,00:49:09.784,
No,0,00:49:10.194,00:49:12.161,
No,0,00:49:12.571,00:49:14.622,
No,0,00:49:15.032,00:49:16.874,
No,0,00:49:17.284,00:49:25.257,
No,0,00:49:25.667,00:49:33.015,
No,0,00:49:33.425,00:49:34.809,
No,0,00:49:35.219,00:49:49.240,
No,0,00:49:49.650,00:50:02.003,
No,0,00:50:02.413,00:50:11.387,
No,0,00:50:11.797,00:50:33.367,
No,0,00:50:33.777,00:50:38.497,
No,0,00:50:38.907,00:50:54.597,
No,0,00:50:55.007,00:51:05.900,
No,0,00:51:06.310,00:51:07.651,
No,0,00:51:08.061,00:51:09.820,
No,0,00:51:10.230,00:51:14.075,
No,0,00:51:14.485,00:51:23.793,
No,0,00:51:24.203,00:51:37.848,
No,0,00:51:38.258,00:51:45.940,
No,0,00:51:46.350,00:51:54.532,
No,0,00:51:54.942,00:52:01.163,
No,0,00:52:01.573,00:52:10.506,
No,0,00:52:10.916,00:52:14.593,
No,0,00:52:15.003,00:52:19.515,
No,0,00:52:19.925,00:52:29.150,
No,0,00:52:29.560,00:52:34.530,
No,0,00:52:34.940,00:52:40.744,
No,0,00:52:41.154,00:52:42.955,
No,0,00:52:43.365,00:52:49.295,
No,0,00:52:49.705,00:52:54.383,
No,0,00:52:54.793,00:53:01.515,
No,0,00:53:01.925,00:53:06.520,
No,0,00:53:06.930,00:53:10.441,
No,0,00:53:10.851,00:53:14.069,
No,0,00:53:14.479,00:53:16.238,
No,0,00:53:16.648,00:53:17.823,
No,0,00:53:18.233,00:53:20.701,
No,0,00:53:21.111,00:53:27.958,
No,0,00:53:28.368,00:53:39.220,
No,0,00:53:39.630,00:53:52.816,
No,0,00:53:53.226,00:53:57.738,
No,0,00:53:58.148,00:54:00.491,
No,0,00:54:00.901,00:54:03.285,
No,0,00:54:03.695,00:54:08.666,
No,0,00:54:09.076,00:54:12.127,
No,0,00:54:12.537,00:54:17.675,
No,0,00:54:18.085,00:54:19.551,
No,0,00:54:19.961,00:54:23.055,
No,0,00:54:23.465,00:54:31.397,
No,0,00:54:31.807,00:54:36.068,
No,0,00:54:36.478,00:54:43.033,
No,0,00:54:43.443,00:54:46.787,
No,0,00:54:47.197,00:54:58.966,
No,0,00:54:59.376,00:55:01.844,
No,0,00:55:02.254,00:55:04.805,
No,0,00:55:05.215,00:55:05.514,
No,0,00:55:05.924,00:55:06.432,
No,0,00:55:06.842,00:55:11.603,
No,0,00:55:12.013,00:55:15.149,
No,0,00:55:15.559,00:55:24.074,
No,0,00:55:24.484,00:55:31.081,
No,0,00:55:31.491,00:55:33.876,
No,0,00:55:34.286,00:55:35.169,
No,0,00:55:35.579,00:55:37.254,
No,0,00:55:37.664,00:55:38.547,
No,0,00:55:38.957,00:55:41.008,
No,0,00:55:41.418,00:55:42.217,
No,0,00:55:42.627,00:55:43.677,
No,0,00:55:44.087,00:55:44.970,
No,0,00:55:45.380,00:55:47.014,
No,0,00:55:47.424,00:55:49.683,
No,0,00:55:50.093,00:55:52.770,
No,0,00:55:53.180,00:55:54.229,
No,0,00:55:54.639,00:55:55.773,
No,0,00:55:56.183,00:55:58.442,
No,0,00:55:58.852,00:56:00.736,
No,0,00:56:01.146,00:56:03.447,
No,0,00:56:03.857,00:56:05.449,
No,0,00:56:05.859,00:56:07.117,
No,0,00:56:07.527,00:56:09.203,
No,0,00:56:09.613,00:56:13.916,
No,0,00:56:14.326,00:56:15.000,
No,0,00:56:15.410,00:56:17.336,
No,0,00:56:17.746,00:56:20.214,
No,0,00:56:20.624,00:56:22.132,
No,0,00:56:22.542,00:56:24.009,
No,0,00:56:24.419,00:56:25.511,
No,0,00:56:25.921,00:56:32.351,
No,0,00:56:32.761,00:56:33.644,
No,0,00:56:34.054,00:56:35.729,
No,0,00:56:36.139,00:56:37.773,
No,0,00:56:38.183,00:56:38.774,
No,0,00:56:39.184,00:56:41.568,
No,0,00:56:41.978,00:56:43.153,
No,0,00:56:43.563,00:56:44.154,
No,0,00:56:44.564,00:56:46.615,
No,0,00:56:47.025,00:56:51.203,
No,0,00:56:51.613,00:56:53.497,
No,0,00:56:53.907,00:56:56.583,
No,0,00:56:56.993,00:57:05.134,
No,0,00:57:05.544,00:57:08.178,
No,0,00:57:08.588,00:57:12.683,
No,0,00:57:13.093,00:57:15.477,
No,0,00:57:15.887,00:57:18.689,
No,0,00:57:19.099,00:57:20.983,
No,0,00:57:21.393,00:57:24.236,
No,0,00:57:24.646,00:57:27.156,
No,0,00:57:27.566,00:57:31.160,
No,0,00:57:31.570,00:57:33.078,
No,0,00:57:33.488,00:57:35.456,
No,0,00:57:35.866,00:57:45.674,
No,0,00:57:46.084,00:57:47.593,
No,0,00:57:48.003,00:57:51.847,
No,0,00:57:52.257,00:57:58.437,
No,0,00:57:58.847,00:58:01.023,
No,0,00:58:01.433,00:58:24.880,
No,0,00:58:25.290,00:58:36.016,
No,0,00:58:36.426,00:58:41.688,
No,0,00:58:42.098,00:58:46.401,
No,0,00:58:46.811,00:58:55.953,
No,0,00:58:56.363,00:59:03.502,
No,0,00:59:03.912,00:59:08.757,
No,0,00:59:09.167,00:59:13.720,
No,0,00:59:14.130,00:59:20.686,
No,0,00:59:21.096,00:59:23.730,
No,0,00:59:24.140,00:59:30.779,
No,0,00:59:31.189,00:59:33.365,
No,0,00:59:33.775,00:59:35.576,
No,0,00:59:35.986,00:59:44.209,
No,0,00:59:44.619,01:00:00.475,
No,0,01:00:00.885,01:00:03.520,
No,0,01:00:03.930,01:00:10.068,
No,0,01:00:10.478,01:00:22.497,
No,0,01:00:22.907,01:00:37.012,
No,0,01:00:37.422,01:00:42.851,
No,0,01:00:43.261,01:00:44.895,
No,0,01:00:45.305,01:00:59.034,
No,0,01:00:59.444,01:01:01.662,
No,0,01:01:02.072,01:01:06.500,
No,0,01:01:06.910,01:01:14.591,
No,0,01:01:15.001,01:01:27.771,
No,0,01:01:28.181,01:01:32.109,
No,0,01:01:32.519,01:01:48.542,
No,0,01:01:48.952,01:01:55.632,
No,0,01:01:56.042,01:01:58.260,
No,0,01:01:58.670,01:02:15.610,
No,0,01:02:16.020,01:02:29.875,
No,0,01:02:30.285,01:02:35.672,
No,0,01:02:36.082,01:02:40.844,
No,0,01:02:41.254,01:02:44.347,
No,0,01:02:44.757,01:02:51.813,
No,0,01:02:52.223,01:02:57.944,
No,0,01:02:58.354,01:03:01.406,
No,0,01:03:01.816,01:03:06.536,
No,0,01:03:06.946,01:03:17.506,
No,0,01:03:17.916,01:03:20.675,
No,0,01:03:21.085,01:03:22.302,
No,0,01:03:22.712,01:03:24.679,
No,0,01:03:25.089,01:03:28.099,
No,0,01:03:28.509,01:03:31.937,
No,0,01:03:32.347,01:03:35.857,
No,0,01:03:36.267,01:03:43.198,
No,0,01:03:43.608,01:03:49.496,
No,0,01:03:49.906,01:04:14.062,
No,0,01:04:14.472,01:04:16.147,
No,0,01:04:16.557,01:04:19.442,
No,0,01:04:19.852,01:04:21.820,
No,0,01:04:22.230,01:04:25.699,
No,0,01:04:26.109,01:04:32.080,
No,0,01:04:32.490,01:04:34.624,
No,0,01:04:35.034,01:04:43.592,
No,0,01:04:44.002,01:05:05.280,
No,0,01:05:05.690,01:05:08.366,
No,0,01:05:08.776,01:05:48.114,
No,0,01:05:48.524,01:05:51.534,
No,0,01:05:51.944,01:06:05.966,
No,0,01:06:06.376,01:06:09.761,
No,0,01:06:10.171,01:06:17.352,
No,0,01:06:17.762,01:06:20.855,
No,0,01:06:21.265,01:06:25.110,
No,0,01:06:25.520,01:06:29.489,
No,0,01:06:29.899,01:06:47.632,
No,0,01:06:48.042,01:06:52.595,
No,0,01:06:53.005,01:06:57.559,
No,0,01:06:57.969,01:07:03.064,
No,0,01:07:03.474,01:07:10.030,
No,0,01:07:10.440,01:07:12.449,
No,0,01:07:12.859,01:07:17.829,
No,0,01:07:18.239,01:07:25.045,
No,0,01:07:25.455,01:07:28.214,
No,0,01:07:28.624,01:07:45.190,
No,0,01:07:45.600,01:07:47.525,
No,0,01:07:47.935,01:07:52.655,
No,0,01:07:53.065,01:07:55.366,
No,0,01:07:55.776,01:08:02.874,
No,0,01:08:03.284,01:08:20.766,
No,0,01:08:21.176,01:08:28.983,
No,0,01:08:29.393,01:08:33.446,
No,0,01:08:33.856,01:08:35.073,
No,0,01:08:35.483,01:08:37.199,
No,0,01:08:37.609,01:09:11.818,
No,0,01:09:12.228,01:09:15.572,
No,0,01:09:15.982,01:09:35.591,
No,0,01:09:36.001,01:09:39.971,
No,0,01:09:40.381,01:09:44.141,
No,0,01:09:44.551,01:09:46.935,
No,0,01:09:47.345,01:09:53.109,
No,0,01:09:53.519,01:09:58.698,
No,0,01:09:59.108,01:10:13.504,
No,0,01:10:13.914,01:10:16.633,
No,0,01:10:17.043,01:10:18.635,
No,0,01:10:19.045,01:10:20.637,
No,0,01:10:21.047,01:10:23.765,
No,0,01:10:24.175,01:10:28.394,
No,0,01:10:28.804,01:10:30.730,
No,0,01:10:31.140,01:10:33.149,
No,0,01:10:33.559,01:10:35.902,
No,0,01:10:36.312,01:10:39.322,
No,0,01:10:39.732,01:10:48.873,
No,0,01:10:49.283,01:10:59.926,
No,0,01:11:00.336,01:11:08.810,
No,0,01:11:09.220,01:11:13.606,
No,0,01:11:14.016,01:11:19.362,
No,0,01:11:19.772,01:11:21.739,
No,0,01:11:22.149,01:11:29.038,
No,0,01:11:29.448,01:11:30.581,
No,0,01:11:30.991,01:11:34.210,
No,0,01:11:34.620,01:11:37.088,
No,0,01:11:37.498,01:11:49.017,
No,0,01:11:49.427,01:11:53.813,
No,0,01:11:54.223,01:11:58.693,
No,0,01:11:59.103,01:12:02.196,
No,0,01:12:02.606,01:12:05.825,
No,0,01:12:06.235,01:12:08.202,
No,0,01:12:08.612,01:12:10.747,
No,0,01:12:11.157,01:12:13.249,
No,0,01:12:13.659,01:12:15.418,
No,0,01:12:15.828,01:12:26.179,
No,0,01:12:26.589,01:12:32.769,
No,0,01:12:33.179,01:12:46.199,
No,0,01:12:46.609,01:12:49.369,
No,0,01:12:49.779,01:12:59.379,
No,0,01:12:59.789,01:13:11.891,
No,0,01:13:12.301,01:13:20.691,
No,0,01:13:21.101,01:13:37.166,
No,0,01:13:37.576,01:13:55.893,
No,0,01:13:56.303,01:14:01.149,
No,0,01:14:01.559,01:14:11.451,
No,0,01:14:11.861,01:14:14.495,
No,0,01:14:14.905,01:14:16.956,
No,0,01:14:17.366,01:14:29.719,
No,0,01:14:30.129,01:14:38.019,
No,0,01:14:38.429,01:14:43.649,
No,0,01:14:44.059,01:15:03.211,
No,0,01:15:03.621,01:15:10.510,
No,0,01:15:10.920,01:15:24.899,
No,0,01:15:25.309,01:15:51.259,
No,0,01:15:51.669,01:15:56.973,
No,0,01:15:57.383,01:16:12.947,
No,0,01:16:13.357,01:16:16.534,
No,0,01:16:16.944,01:16:19.996,
No,0,01:16:20.406,01:16:22.290,
No,0,01:16:22.700,01:16:24.500,
No,0,01:16:24.910,01:16:28.379,
No,0,01:16:28.789,01:16:32.550,
No,0,01:16:32.960,01:16:35.469,
No,0,01:16:35.879,01:16:37.888,
No,0,01:16:38.298,01:16:40.099,
No,0,01:16:40.509,01:16:45.813,
No,0,01:16:46.223,01:16:48.733,
No,0,01:16:49.143,01:16:50.985,
No,0,01:16:51.395,01:16:55.865,
No,0,01:16:56.275,01:17:00.369,
No,0,01:17:00.779,01:17:02.955,
No,0,01:17:03.365,01:17:08.419,
No,0,01:17:08.829,01:17:14.759,
No,0,01:17:15.169,01:17:18.721,
No,0,01:17:19.131,01:17:24.352,
No,0,01:17:24.762,01:17:29.523,
No,0,01:17:29.933,01:17:31.984,
No,0,01:17:32.394,01:17:35.988,
No,0,01:17:36.398,01:17:42.453,
No,0,01:17:42.863,01:17:52.296,
No,0,01:17:52.706,01:18:00.012,
No,0,01:18:00.422,01:18:09.355,
No,0,01:18:09.765,01:18:15.611,
No,0,01:18:16.021,01:18:22.034,
No,0,01:18:22.444,01:18:30.584,
No,0,01:18:30.994,01:18:45.057,
No,0,01:18:45.467,01:18:50.688,
No,0,01:18:51.098,01:18:52.940,
No,0,01:18:53.350,01:19:02.783,
No,0,01:19:03.193,01:19:05.494,
No,0,01:19:05.904,01:19:08.038,
No,0,01:19:08.448,01:19:09.331,
No,0,01:19:09.741,01:19:10.332,
No,0,01:19:10.742,01:19:13.627,
No,0,01:19:14.037,01:19:23.888,
No,0,01:19:24.298,01:19:34.482,
No,0,01:19:34.892,01:19:43.741,
No,0,01:19:44.151,01:19:49.330,
No,0,01:19:49.740,01:19:50.790,
No,0,01:19:51.200,01:19:55.377,
No,0,01:19:55.787,01:20:00.508,
No,0,01:20:00.918,01:20:16.899,
No,0,01:20:17.309,01:20:21.111,
No,0,01:20:21.521,01:20:32.498,
No,0,01:20:32.908,01:20:35.918,
No,0,01:20:36.328,01:20:37.878,
No,0,01:20:38.288,01:20:39.964,
No,0,01:20:40.374,01:20:41.966,
No,0,01:20:42.376,01:21:14.582,
No,0,01:21:14.992,01:21:58.334,
No,0,01:21:58.744,01:22:15.100,
No,0,01:22:15.510,01:22:22.191,
No,0,01:22:22.601,01:22:31.408,
No,0,01:22:31.818,01:22:40.542,
No,0,01:22:40.952,01:22:45.506,
No,0,01:22:45.916,01:22:49.218,
No,0,01:22:49.628,01:22:54.682,
No,0,01:22:55.092,01:23:02.564,
No,0,01:23:02.974,01:23:06.735,
No,0,01:23:07.145,01:23:19.248,
No,0,01:23:19.658,01:23:31.969,
No,0,01:23:32.379,01:23:36.265,
No,0,01:23:36.675,01:23:39.685,
No,0,01:23:40.095,01:23:44.857,
No,0,01:23:45.267,01:24:06.336,
No,0,01:24:06.746,01:24:14.845,
No,0,01:24:15.255,01:24:19.058,
No,0,01:24:19.468,01:24:22.144,
No,0,01:24:22.554,01:24:25.397,
No,0,01:24:25.807,01:24:28.567,
No,0,01:24:28.977,01:24:30.527,
No,0,01:24:30.937,01:24:41.121,
No,0,01:24:41.531,01:24:43.540,
No,0,01:24:43.950,01:24:48.504,
No,0,01:24:48.914,01:24:51.799,
No,0,01:24:52.209,01:25:02.226,
No,0,01:25:02.636,01:25:24.039,
No,0,01:25:24.449,01:26:01.034,
No,0,01:26:01.444,01:26:06.915,
No,0,01:26:07.325,01:26:16.884,
No,0,01:26:17.294,01:26:23.098,
No,0,01:26:23.508,01:26:32.441,
No,0,01:26:32.851,01:26:43.952,
No,0,01:26:44.362,01:26:55.422,
No,0,01:26:55.832,01:27:13.065,
No,0,01:27:13.475,01:27:27.204,
No,0,01:27:27.614,01:27:45.889,
No,0,01:27:46.299,01:27:50.352,
No,0,01:27:50.762,01:28:23.802,
No,0,01:28:24.212,01:28:28.015,
No,0,01:28:28.425,01:28:35.397,
No,0,01:28:35.807,01:28:40.652,
No,0,01:28:41.062,01:28:51.830,
No,0,01:28:52.240,01:28:56.877,
No,0,01:28:57.287,01:29:17.689,
No,0,01:29:18.099,01:29:23.570,
No,0,01:29:23.980,01:29:29.451,
No,0,01:29:29.861,01:29:31.161,
No,0,01:29:31.571,01:29:34.456,
No,0,01:29:34.866,01:29:36.208,
No,0,01:29:36.618,01:29:44.007,
No,0,01:29:44.417,01:29:47.761,
No,0,01:29:48.171,01:29:51.390,
No,0,01:29:51.800,01:29:58.688,
No,0,01:29:59.098,01:30:03.068,
No,0,01:30:03.478,01:30:07.155,
No,0,01:30:07.565,01:30:09.366,
No,0,01:30:09.776,01:30:14.871,
No,0,01:30:15.281,01:30:22.254,
No,0,01:30:22.664,01:30:26.591,
No,0,01:30:27.001,01:30:28.135,
No,0,01:30:28.545,01:30:33.723,
No,0,01:30:34.133,01:30:38.645,
No,0,01:30:39.055,01:30:44.109,
No,0,01:30:44.519,01:30:50.657,
No,0,01:30:51.067,01:30:52.033,
No,0,01:30:52.443,01:30:55.871,
No,0,01:30:56.281,01:31:06.965,
No,0,01:31:07.375,01:31:14.598,
No,0,01:31:15.008,01:31:24.441,
No,0,01:31:24.851,01:31:31.031,
No,0,01:31:31.441,01:31:40.332,
No,0,01:31:40.742,01:31:56.097,
No,0,01:31:56.507,01:31:58.850,
No,0,01:31:59.260,01:32:02.479,
No,0,01:32:02.889,01:32:04.731,
No,0,01:32:05.141,01:32:08.818,
No,0,01:32:09.228,01:32:11.154,
No,0,01:32:11.564,01:32:13.907,
No,0,01:32:14.317,01:32:15.408,
No,0,01:32:15.818,01:32:27.921,
No,0,01:32:28.331,01:32:31.258,
No,0,01:32:31.668,01:32:34.553,
No,0,01:32:34.963,01:32:36.680,
No,0,01:32:37.090,01:32:44.020,
No,0,01:32:44.430,01:32:48.692,
No,0,01:32:49.102,01:32:50.819,
No,0,01:32:51.229,01:32:53.780,
No,0,01:32:54.190,01:32:58.159,
No,0,01:32:58.569,01:33:04.207,
No,0,01:33:04.617,01:33:09.170,
No,0,01:33:09.580,01:33:15.218,
No,0,01:33:15.628,01:33:16.970,
No,0,01:33:17.380,01:33:20.682,
No,0,01:33:21.092,01:33:28.565,
No,0,01:33:28.975,01:33:30.609,
No,0,01:33:31.019,01:34:07.145,
No,0,01:34:07.555,01:34:21.952,
No,0,01:34:22.362,01:34:23.161,
No,0,01:34:23.571,01:34:29.834,
No,0,01:34:30.244,01:34:34.255,
No,0,01:34:34.665,01:34:36.633,
No,0,01:34:37.043,01:34:41.930,
No,0,01:34:42.340,01:34:47.352,
No,0,01:34:47.762,01:34:57.487,
No,0,01:34:57.897,01:35:00.323,
No,0,01:35:00.733,01:35:02.992,
No,0,01:35:03.402,01:35:16.589,
No,0,01:35:16.999,01:35:28.685,
No,0,01:35:29.095,01:35:36.276,
No,0,01:35:36.686,01:35:43.575,
No,0,01:35:43.985,01:35:59.132,
No,0,01:35:59.542,01:36:03.762,
No,0,01:36:04.172,01:36:11.019,
No,0,01:36:11.429,01:36:15.565,
No,0,01:36:15.975,01:36:25.074,
No,0,01:36:25.484,01:36:27.368,
No,0,01:36:27.778,01:36:30.705,
No,0,01:36:31.115,01:36:34.375,
No,0,01:36:34.785,01:36:36.419,
No,0,01:36:36.829,01:36:38.588,
No,0,01:36:38.998,01:36:40.215,
No,0,01:36:40.625,01:36:42.884,
No,0,01:36:43.294,01:36:44.844,
No,0,01:36:45.254,01:36:46.679,
No,0,01:36:47.089,01:36:50.183,
No,0,01:36:50.593,01:36:52.644,
No,0,01:36:53.054,01:36:55.563,
No,0,01:36:55.973,01:37:01.778,
No,0,01:37:02.188,01:37:04.280,
No,0,01:37:04.690,01:37:10.245,
No,0,01:37:10.655,01:37:16.668,
No,0,01:37:17.078,01:37:19.295,
No,0,01:37:19.705,01:37:26.678,
No,0,01:37:27.088,01:37:39.983,
No,0,01:37:40.393,01:37:54.831,
No,0,01:37:55.241,01:38:04.048,
No,0,01:38:04.458,01:38:10.722,
No,0,01:38:11.132,01:38:18.980,
No,0,01:38:19.390,01:38:36.039,
No,0,01:38:36.449,01:38:39.208,
No,0,01:38:39.618,01:38:41.252,
No,0,01:38:41.662,01:38:43.880,
No,0,01:38:44.290,01:38:46.633,
No,0,01:38:47.043,01:38:51.804,
No,0,01:38:52.214,01:38:53.556,
No,0,01:38:53.966,01:38:54.849,
No,0,01:38:55.259,01:38:58.728,
No,0,01:38:59.138,01:39:04.609,
No,0,01:39:05.019,01:39:22.669,
No,0,01:39:23.079,01:39:28.633,
No,0,01:39:29.043,01:39:37.767,
No,0,01:39:38.177,01:39:46.484,
No,0,01:39:46.894,01:40:07.005,
No,0,01:40:07.415,01:40:09.007,
No,0,01:40:09.417,01:40:14.262,
No,0,01:40:14.672,01:40:17.682,
No,0,01:40:18.092,01:40:23.062,
No,0,01:40:23.472,01:40:26.941,
No,0,01:40:27.351,01:40:30.611,
No,0,01:40:31.021,01:40:34.490,
No,0,01:40:34.900,01:40:38.870,
No,0,01:40:39.280,01:40:47.754,
No,0,01:40:48.164,01:41:00.725,
No,0,01:41:01.135,01:41:17.408,
No,0,01:41:17.818,01:41:24.874,
No,0,01:41:25.284,01:41:29.670,
No,0,01:41:30.080,01:41:34.383,
No,0,01:41:34.793,01:41:47.105,
No,0,01:41:47.515,01:41:52.151,
No,0,01:41:52.561,01:42:04.330,
No,0,01:42:04.740,01:42:15.425,
No,0,01:42:15.835,01:42:18.761,
No,0,01:42:19.171,01:42:31.315,
No,0,01:42:31.725,01:42:35.319,
No,0,01:42:35.729,01:42:52.795,
No,0,01:42:53.205,01:42:56.799,
No,0,01:42:57.209,01:43:00.469,
No,0,01:43:00.879,01:43:07.852,
No,0,01:43:08.262,01:43:14.567,
No,0,01:43:14.977,01:43:16.360,
No,0,01:43:16.770,01:43:20.990,
No,0,01:43:21.400,01:43:40.801,
No,0,01:43:41.211,01:43:49.560,
No,0,01:43:49.970,01:43:54.649,
No,0,01:43:55.059,01:43:59.737,
No,0,01:44:00.147,01:44:21.509,
No,0,01:44:21.919,01:44:25.096,
No,0,01:44:25.506,01:44:31.102,
No,0,01:44:31.512,01:44:41.153,
No,0,01:44:41.563,01:44:48.953,
No,0,01:44:49.363,01:44:55.126,
No,0,01:44:55.536,01:45:01.090,
No,0,01:45:01.500,01:45:05.886,
No,0,01:45:06.296,01:45:09.598,
No,0,01:45:10.008,01:45:14.186,
No,0,01:45:14.596,01:45:17.940,
No,0,01:45:18.350,01:45:27.825,
No,0,01:45:28.235,01:45:34.290,
No,0,01:45:34.700,01:45:36.542,
No,0,01:45:36.952,01:45:43.924,
No,0,01:45:44.334,01:45:52.516,
No,0,01:45:52.926,01:46:00.024,
No,0,01:46:00.434,01:46:05.363,
No,0,01:46:05.773,01:46:10.326,
No,0,01:46:10.736,01:46:15.498,
No,0,01:46:15.908,01:46:19.877,
No,0,01:46:20.287,01:46:23.464,
No,0,01:46:23.874,01:46:26.634,
No,0,01:46:27.044,01:46:29.428,
No,0,01:46:29.838,01:46:35.142,
No,0,01:46:35.552,01:46:38.396,
No,0,01:46:38.806,01:46:42.024,
No,0,01:46:42.434,01:46:48.739,
No,0,01:46:49.149,01:46:50.908,
No,0,01:46:51.318,01:46:56.205,
No,0,01:46:56.615,01:47:06.006,
No,0,01:47:06.416,01:47:09.885,
No,0,01:47:10.295,01:47:13.514,
No,0,01:47:13.924,01:47:17.685,
No,0,01:47:18.095,01:47:20.271,
No,0,01:47:20.681,01:47:28.821,
No,0,01:47:29.231,01:47:34.034,
No,0,01:47:34.444,01:47:35.619,
No,0,01:47:36.029,01:47:38.664,
No,0,01:47:39.074,01:47:44.044,
No,0,01:47:44.454,01:47:48.257,
No,0,01:47:48.667,01:47:49.592,
No,0,01:47:50.002,01:47:51.427,
No,0,01:47:51.837,01:47:53.846,
No,0,01:47:54.256,01:47:55.598,
No,0,01:47:56.008,01:48:01.979,
No,0,01:48:02.389,01:48:03.647,
No,0,01:48:04.057,01:48:11.822,
No,0,01:48:12.232,01:48:36.347,
No,0,01:48:36.757,01:48:39.642,
No,0,01:48:40.052,01:48:42.228,
No,0,01:48:42.638,01:48:47.107,
No,0,01:48:47.517,01:48:49.318,
No,0,01:48:49.728,01:48:56.575,
No,0,01:48:56.985,01:49:00.621,
No,0,01:49:01.031,01:49:03.415,
No,0,01:49:03.825,01:49:14.843,
No,0,01:49:15.253,01:49:23.561,
No,0,01:49:23.971,01:49:32.528,
No,0,01:49:32.938,01:49:36.824,
No,0,01:49:37.234,01:49:44.248,
No,0,01:49:44.658,01:49:49.878,
No,0,01:49:50.288,01:49:53.841,
No,0,01:49:54.251,01:50:01.098,
No,0,01:50:01.508,01:50:20.326,
No,0,01:50:20.736,01:50:29.668,
No,0,01:50:30.078,01:50:42.765,
No,0,01:50:43.175,01:50:44.767,
No,0,01:50:45.177,01:50:50.105,
No,0,01:50:50.515,01:50:54.568,
No,0,01:50:54.978,01:51:02.826,
No,0,01:51:03.236,01:51:07.331,
No,0,01:51:07.741,01:51:13.379,
No,0,01:51:13.789,01:51:21.804,
No,0,01:51:22.214,01:51:26.266,
No,0,01:51:26.676,01:51:30.604,
No,0,01:51:31.014,01:51:34.233,
No,0,01:51:34.643,01:51:37.486,
No,0,01:51:37.896,01:51:41.240,
No,0,01:51:41.650,01:51:43.742,
No,0,01:51:44.152,01:51:49.164,
No,0,01:51:49.574,01:51:56.755,
No,0,01:51:57.165,01:52:08.142,
No,0,01:52:08.552,01:52:12.604,
No,0,01:52:13.014,01:52:15.649,
No,0,01:52:16.059,01:52:22.531,
No,0,01:52:22.941,01:52:26.869,
No,0,01:52:27.279,01:52:35.085,
No,0,01:52:35.495,01:52:43.802,
No,0,01:52:44.212,01:52:49.767,
No,0,01:52:50.177,01:52:54.480,
No,0,01:52:54.890,01:52:58.484,
No,0,01:52:58.894,01:53:03.363,
No,0,01:53:03.773,01:53:09.578,
No,0,01:53:09.988,01:53:12.498,
No,0,01:53:12.908,01:53:18.086,
No,0,01:53:18.496,01:53:22.466,
No,0,01:53:22.876,01:53:24.092,
No,0,01:53:24.502,01:53:26.804,
No,0,01:53:27.214,01:53:32.935,
No,0,01:53:33.345,01:53:34.478,
No,0,01:53:34.888,01:53:36.814,
No,0,01:53:37.224,01:53:39.608,
No,0,01:53:40.018,01:53:45.948,
No,0,01:53:46.358,01:53:48.492,
No,0,01:53:48.902,01:53:53.747,
No,0,01:53:54.157,01:53:56.834,
No,0,01:53:57.244,01:54:00.712,
No,0,01:54:01.122,01:54:09.471,
No,0,01:54:09.881,01:54:16.019,
No,0,01:54:16.429,01:54:24.945,
No,0,01:54:25.355,01:54:42.087,
No,0,01:54:42.497,01:54:52.055,
No,0,01:54:52.465,01:55:12.659,
No,0,01:55:13.069,01:55:23.503,
No,0,01:55:23.913,01:55:29.843,
No,0,01:55:30.253,01:55:35.599,
No,0,01:55:36.009,01:55:59.706,
No,0,01:56:00.116,01:56:13.804,
No,0,01:56:14.214,01:56:19.101,
No,0,01:56:19.511,01:56:29.236,
No,0,01:56:29.646,01:56:32.239,
No,0,01:56:32.649,01:56:43.083,
No,0,01:56:43.493,01:56:45.711,
No,0,01:56:46.121,01:56:51.800,
No,0,01:56:52.210,01:56:55.012,
No,0,01:56:55.422,01:56:59.016,
No,0,01:56:59.426,01:57:03.645,
No,0,01:57:04.055,01:57:13.822,
No,0,01:57:14.232,01:57:17.659,
No,0,01:57:18.069,01:58:13.799,
No,0,01:58:14.209,01:58:16.259,
